AgeGroup,UserType,UserID
18-24,Returning,277
35-44,New,857
25-34,Returning,321
35-44,Returning,972
35-44,Returning,566
25-34,Returning,733
25-34,Returning,697
13-17,New,457
45+,Returning,826
25-34,New,546
35-44,New,435
35-44,Returning,888
25-34,Returning,107
45+,Returning,59
45+,New,150
35-44,Returning,830
25-34,New,240
35-44,Returning,448
13-17,Returning,471
25-34,New,637
35-44,Returning,715
18-24,Returning,726
35-44,New,164
13-17,Returning,833
35-44,Returning,470
25-34,Returning,340
25-34,New,368
35-44,New,210
35-44,New,398
35-44,New,304
13-17,New,96
25-34,Returning,18
45+,Returning,973
25-34,Returning,824
35-44,Returning,135
35-44,New,207
35-44,Returning,127
35-44,New,893
25-34,New,181
35-44,New,174
18-24,Returning,465
25-34,New,696
13-17,Returning,988
35-44,Returning,640
13-17,Returning,370
18-24,New,196
35-44,Returning,440
45+,Returning,625
35-44,New,516
45+,New,591
45+,New,123
35-44,New,151
35-44,Returning,884
35-44,Returning,671
25-34,New,138
45+,New,585
13-17,New,51
35-44,New,849
18-24,Returning,744
25-34,New,51
35-44,New,872
25-34,New,549
35-44,New,836
25-34,New,324
35-44,New,873
25-34,Returning,676
35-44,New,764
45+,Returning,823
13-17,New,678
45+,Returning,871
18-24,New,400
45+,New,619
35-44,Returning,622
35-44,Returning,909
45+,Returning,384
25-34,New,894
45+,New,131
35-44,Returning,549
35-44,Returning,522
35-44,New,602
45+,New,633
25-34,New,805
35-44,New,38
25-34,Returning,47
18-24,Returning,827
25-34,New,304
45+,Returning,381
45+,Returning,432
25-34,Returning,890
18-24,Returning,620
25-34,New,676
25-34,New,998
25-34,New,425
35-44,New,614
13-17,Returning,161
18-24,Returning,215
13-17,Returning,561
13-17,New,220
35-44,New,175
25-34,Returning,229
25-34,Returning,72
45+,Returning,7
18-24,New,729
18-24,Returning,320
18-24,Returning,272
18-24,Returning,607
18-24,Returning,440
25-34,New,21
35-44,New,290
25-34,New,75
45+,New,398
45+,Returning,772
18-24,Returning,45
13-17,Returning,823
13-17,New,883
25-34,New,735
25-34,New,490
13-17,New,699
45+,Returning,840
25-34,New,865
25-34,New,823
25-34,New,470
35-44,New,419
18-24,Returning,225
13-17,New,729
35-44,New,951
35-44,New,107
18-24,New,81
25-34,New,685
45+,Returning,717
35-44,New,716
35-44,New,617
35-44,New,864
18-24,New,83
35-44,Returning,809
25-34,New,636
18-24,New,847
18-24,Returning,155
45+,New,214
35-44,New,3
18-24,New,312
35-44,Returning,889
35-44,New,459
35-44,Returning,474
35-44,New,986
35-44,New,177
25-34,New,978
25-34,New,81
25-34,New,93
35-44,New,171
25-34,New,321
45+,Returning,312
25-34,Returning,834
18-24,Returning,199
35-44,Returning,117
18-24,New,370
25-34,New,190
45+,Returning,62
45+,Returning,467
25-34,New,618
13-17,Returning,237
25-34,Returning,11
13-17,New,468
18-24,New,958
18-24,Returning,383
45+,Returning,2
13-17,Returning,667
25-34,New,850
25-34,New,463
25-34,Returning,337
35-44,Returning,598
13-17,New,93
25-34,New,716
25-34,New,190
25-34,Returning,485
18-24,New,48
25-34,Returning,984
13-17,Returning,681
45+,New,113
45+,New,654
35-44,Returning,613
13-17,Returning,149
25-34,New,664
45+,Returning,872
35-44,New,94
35-44,New,739
45+,Returning,564
25-34,New,670
25-34,New,580
35-44,Returning,109
35-44,Returning,950
25-34,Returning,226
35-44,Returning,405
45+,Returning,278
25-34,New,464
18-24,Returning,753
25-34,Returning,701
18-24,Returning,132
35-44,Returning,28
25-34,New,483
35-44,Returning,520
25-34,Returning,384
18-24,New,105
25-34,New,736
13-17,New,759
18-24,Returning,673
35-44,New,808
18-24,Returning,879
35-44,Returning,914
13-17,New,983
35-44,New,957
18-24,New,23
18-24,Returning,367
35-44,Returning,583
18-24,Returning,316
35-44,New,522
25-34,Returning,469
18-24,New,480
35-44,Returning,717
18-24,Returning,54
18-24,Returning,281
13-17,New,519
35-44,Returning,330
18-24,New,680
18-24,Returning,583
18-24,Returning,380
25-34,Returning,418
18-24,New,529
13-17,New,929
13-17,New,940
25-34,New,272
18-24,Returning,909
35-44,Returning,229
25-34,Returning,975
35-44,Returning,909
35-44,Returning,926
25-34,New,451
45+,New,336
35-44,Returning,377
35-44,Returning,891
35-44,Returning,351
25-34,Returning,539
25-34,New,698
13-17,Returning,985
35-44,New,818
35-44,New,696
13-17,New,912
45+,Returning,511
35-44,Returning,93
13-17,Returning,597
35-44,New,57
13-17,Returning,815
25-34,New,212
25-34,Returning,784
25-34,Returning,872
13-17,New,703
13-17,Returning,45
18-24,Returning,986
35-44,New,795
25-34,Returning,68
35-44,New,928
25-34,New,383
25-34,New,602
18-24,Returning,265
13-17,Returning,787
25-34,Returning,51
25-34,Returning,533
35-44,New,726
35-44,New,167
18-24,New,75
18-24,New,203
35-44,New,583
35-44,New,240
25-34,New,592
25-34,New,773
18-24,Returning,142
13-17,New,617
13-17,New,628
45+,Returning,890
18-24,Returning,974
35-44,Returning,294
35-44,New,670
18-24,New,158
18-24,New,869
35-44,Returning,920
18-24,Returning,122
35-44,Returning,641
25-34,New,972
13-17,Returning,755
13-17,Returning,241
35-44,New,485
25-34,Returning,733
18-24,New,221
13-17,New,764
35-44,Returning,609
45+,New,389
18-24,New,544
25-34,Returning,583
35-44,New,613
18-24,New,78
25-34,New,322
25-34,Returning,244
35-44,New,583
25-34,New,975
25-34,Returning,605
35-44,New,276
35-44,New,232
45+,Returning,251
25-34,New,188
35-44,Returning,498
25-34,New,942
45+,New,569
13-17,New,998
35-44,Returning,842
35-44,Returning,833
35-44,New,470
35-44,New,353
35-44,New,925
45+,New,804
18-24,Returning,861
13-17,New,814
25-34,New,349
35-44,New,330
35-44,Returning,158
18-24,New,523
35-44,New,518
18-24,New,560
18-24,Returning,395
13-17,New,701
25-34,Returning,70
35-44,Returning,99
35-44,Returning,778
25-34,New,106
45+,Returning,186
45+,Returning,373
35-44,New,295
25-34,Returning,911
35-44,New,523
18-24,New,63
35-44,New,183
35-44,Returning,855
35-44,Returning,100
35-44,New,750
45+,Returning,702
18-24,New,613
45+,New,673
25-34,New,36
18-24,Returning,508
35-44,Returning,380
35-44,Returning,275
25-34,Returning,787
25-34,Returning,257
25-34,New,843
25-34,Returning,892
13-17,New,762
35-44,Returning,951
35-44,Returning,812
35-44,New,941
25-34,Returning,199
45+,Returning,81
18-24,Returning,799
25-34,Returning,111
35-44,Returning,734
35-44,New,235
18-24,Returning,450
45+,Returning,883
18-24,Returning,376
35-44,New,404
35-44,New,875
25-34,Returning,52
25-34,New,888
35-44,New,990
25-34,New,100
18-24,Returning,374
25-34,New,497
35-44,New,677
25-34,New,542
35-44,Returning,335
45+,Returning,429
18-24,New,987
35-44,New,343
18-24,Returning,360
18-24,Returning,505
25-34,New,650
18-24,Returning,5
35-44,New,196
13-17,Returning,722
13-17,New,430
13-17,Returning,736
25-34,New,581
25-34,New,756
45+,Returning,56
35-44,Returning,547
25-34,New,595
45+,New,771
18-24,New,857
18-24,New,496
35-44,New,689
35-44,Returning,511
13-17,Returning,228
45+,New,177
45+,Returning,522
25-34,Returning,141
35-44,Returning,729
18-24,New,797
35-44,Returning,325
25-34,New,11
35-44,New,991
25-34,New,34
45+,New,910
25-34,Returning,833
35-44,Returning,134
35-44,New,219
25-34,Returning,133
13-17,Returning,391
45+,Returning,23
18-24,New,113
25-34,New,20
25-34,New,594
18-24,Returning,56
13-17,New,11
25-34,Returning,279
35-44,Returning,445
25-34,New,861
35-44,New,112
35-44,Returning,216
35-44,Returning,25
35-44,New,200
45+,Returning,687
45+,New,366
25-34,New,329
18-24,Returning,400
45+,Returning,603
45+,New,832
18-24,Returning,16
18-24,Returning,127
45+,New,837
25-34,Returning,974
18-24,Returning,254
18-24,Returning,403
45+,New,246
35-44,New,353
45+,New,979
18-24,Returning,575
25-34,Returning,875
45+,Returning,951
25-34,Returning,476
18-24,New,725
18-24,Returning,378
18-24,New,732
25-34,New,154
18-24,Returning,700
18-24,Returning,199
18-24,Returning,204
13-17,New,213
25-34,New,865
25-34,Returning,522
18-24,Returning,849
13-17,New,893
18-24,New,966
35-44,Returning,593
13-17,New,986
18-24,New,154
25-34,New,753
13-17,New,925
25-34,Returning,625
45+,New,753
25-34,Returning,181
35-44,New,419
18-24,New,932
13-17,New,267
13-17,New,964
18-24,New,379
45+,Returning,330
18-24,New,363
45+,New,763
25-34,Returning,298
13-17,New,69
35-44,Returning,86
18-24,New,294
18-24,Returning,894
18-24,Returning,20
13-17,Returning,442
13-17,Returning,530
45+,New,978
25-34,Returning,501
13-17,Returning,412
25-34,Returning,759
18-24,Returning,645
35-44,Returning,581
18-24,New,548
18-24,New,820
25-34,New,917
35-44,Returning,134
25-34,New,121
35-44,New,762
25-34,Returning,916
25-34,Returning,812
18-24,Returning,741
25-34,Returning,12
45+,New,257
45+,New,541
25-34,New,765
35-44,Returning,88
18-24,New,155
35-44,New,300
35-44,New,566
18-24,New,891
18-24,New,677
45+,New,670
35-44,Returning,106
25-34,New,938
35-44,New,681
13-17,New,450
45+,Returning,624
45+,New,466
25-34,New,823
18-24,New,53
13-17,New,979
13-17,New,555
35-44,New,246
35-44,Returning,693
35-44,Returning,609
13-17,New,22
13-17,New,773
25-34,Returning,879
35-44,New,170
45+,New,147
13-17,Returning,793
45+,Returning,448
18-24,New,643
35-44,Returning,157
35-44,Returning,817
45+,New,342
45+,Returning,249
25-34,New,497
25-34,Returning,659
45+,Returning,195
18-24,Returning,26
35-44,New,233
25-34,Returning,198
25-34,New,770
35-44,Returning,578
18-24,New,587
35-44,New,446
45+,New,431
35-44,New,589
25-34,New,970
13-17,New,433
35-44,Returning,595
18-24,New,81
25-34,New,621
25-34,New,831
18-24,New,762
35-44,Returning,738
18-24,Returning,528
25-34,New,726
35-44,New,692
25-34,Returning,254
18-24,New,15
45+,New,306
45+,Returning,235
13-17,New,414
18-24,New,49
35-44,New,278
35-44,New,256
25-34,Returning,628
45+,New,431
45+,New,646
18-24,New,141
18-24,New,651
35-44,New,91
25-34,New,519
25-34,Returning,685
25-34,New,561
45+,New,590
18-24,New,675
18-24,New,207
35-44,Returning,95
45+,New,225
45+,Returning,932
35-44,New,939
25-34,Returning,498
35-44,New,452
25-34,New,495
45+,Returning,855
13-17,Returning,822
45+,New,505
18-24,Returning,811
25-34,Returning,442
25-34,New,615
18-24,New,935
45+,Returning,112
18-24,New,626
35-44,New,344
18-24,New,46
18-24,Returning,604
45+,Returning,745
13-17,New,116
13-17,Returning,378
25-34,New,330
25-34,Returning,57
25-34,Returning,481
35-44,New,993
18-24,New,1000
13-17,New,739
13-17,New,315
18-24,Returning,485
35-44,Returning,375
45+,New,336
25-34,Returning,932
45+,Returning,395
35-44,Returning,610
35-44,New,899
25-34,Returning,896
18-24,New,633
25-34,New,42
35-44,Returning,24
45+,New,133
35-44,Returning,533
18-24,New,759
18-24,Returning,648
25-34,New,417
25-34,New,453
13-17,Returning,639
35-44,New,893
18-24,New,546
35-44,Returning,196
35-44,New,822
35-44,New,255
25-34,Returning,21
25-34,New,886
35-44,Returning,985
13-17,New,814
35-44,Returning,858
18-24,Returning,199
35-44,New,827
45+,New,458
25-34,Returning,441
25-34,New,305
45+,New,112
35-44,Returning,137
13-17,New,392
18-24,New,947
45+,New,327
25-34,New,591
18-24,Returning,575
13-17,New,866
18-24,New,886
35-44,New,322
13-17,New,717
25-34,New,824
25-34,New,882
13-17,New,625
35-44,Returning,721
35-44,New,305
35-44,New,578
25-34,New,562
25-34,New,654
35-44,New,297
25-34,New,395
35-44,New,781
18-24,New,321
35-44,Returning,345
18-24,Returning,966
25-34,New,363
45+,Returning,372
45+,Returning,331
25-34,Returning,696
18-24,New,631
45+,New,882
45+,New,796
45+,New,871
18-24,New,430
25-34,Returning,173
35-44,Returning,168
18-24,New,141
25-34,New,575
45+,Returning,370
45+,New,639
35-44,Returning,544
13-17,New,230
25-34,Returning,853
45+,New,282
13-17,Returning,54
25-34,Returning,49
18-24,New,907
45+,Returning,842
25-34,New,374
13-17,New,774
18-24,New,194
25-34,Returning,917
13-17,New,986
18-24,New,393
25-34,Returning,707
35-44,Returning,678
18-24,New,447
18-24,Returning,544
25-34,New,568
45+,Returning,307
25-34,New,368
45+,Returning,136
18-24,New,251
45+,New,541
45+,Returning,598
18-24,New,708
18-24,Returning,808
25-34,Returning,122
18-24,New,230
18-24,New,546
35-44,Returning,654
35-44,Returning,779
45+,New,671
25-34,Returning,981
45+,New,445
25-34,Returning,90
13-17,Returning,990
25-34,New,596
18-24,Returning,56
45+,Returning,382
25-34,New,474
25-34,New,10
25-34,New,114
35-44,New,461
13-17,New,831
25-34,Returning,780
35-44,New,513
18-24,New,691
25-34,New,694
25-34,Returning,212
18-24,New,412
13-17,New,478
35-44,Returning,196
18-24,New,118
35-44,Returning,968
25-34,Returning,206
18-24,Returning,433
35-44,Returning,948
35-44,New,610
45+,New,898
35-44,New,380
35-44,Returning,494
35-44,Returning,780
13-17,New,961
25-34,New,34
25-34,New,607
45+,Returning,652
25-34,Returning,930
45+,New,438
35-44,New,601
13-17,Returning,28
25-34,New,44
35-44,Returning,85
18-24,New,433
13-17,New,131
13-17,Returning,129
45+,Returning,54
25-34,New,584
13-17,Returning,897
35-44,Returning,223
25-34,Returning,35
25-34,New,224
13-17,New,531
18-24,Returning,746
25-34,New,996
45+,New,194
13-17,Returning,766
45+,Returning,710
13-17,Returning,102
18-24,New,49
13-17,Returning,441
25-34,New,764
13-17,New,274
13-17,Returning,810
25-34,New,114
25-34,Returning,497
25-34,Returning,840
35-44,New,902
18-24,Returning,54
25-34,Returning,515
45+,New,932
13-17,New,810
13-17,New,349
13-17,New,516
35-44,Returning,993
35-44,New,441
13-17,New,231
35-44,Returning,597
25-34,Returning,808
35-44,New,455
18-24,New,439
25-34,Returning,182
18-24,New,421
35-44,New,427
18-24,New,240
13-17,New,872
13-17,Returning,11
13-17,Returning,712
45+,Returning,190
25-34,Returning,679
25-34,New,95
18-24,Returning,611
35-44,New,469
35-44,Returning,192
35-44,Returning,637
13-17,New,582
35-44,New,882
25-34,Returning,977
13-17,Returning,334
35-44,Returning,21
45+,New,435
25-34,New,235
13-17,Returning,706
25-34,Returning,614
25-34,New,313
13-17,Returning,227
18-24,Returning,493
18-24,Returning,619
25-34,New,370
18-24,New,575
35-44,New,22
45+,New,553
35-44,Returning,864
35-44,Returning,518
25-34,New,122
35-44,New,456
45+,New,152
13-17,Returning,555
13-17,New,206
25-34,New,604
35-44,Returning,217
45+,New,261
35-44,New,534
13-17,Returning,882
18-24,Returning,497
25-34,Returning,160
18-24,Returning,646
13-17,Returning,159
35-44,New,157
18-24,Returning,37
13-17,New,731
35-44,Returning,368
25-34,New,526
45+,Returning,232
13-17,New,959
45+,Returning,458
35-44,New,464
45+,New,196
45+,New,228
35-44,New,2
18-24,Returning,351
25-34,New,28
25-34,New,512
35-44,Returning,252
25-34,Returning,359
25-34,New,207
25-34,Returning,17
35-44,New,884
13-17,New,164
35-44,Returning,969
18-24,New,778
35-44,Returning,973
13-17,New,374
18-24,New,565
18-24,Returning,998
25-34,New,152
45+,New,541
25-34,New,734
25-34,New,771
18-24,Returning,860
45+,New,294
25-34,Returning,509
18-24,New,966
45+,New,744
25-34,Returning,640
13-17,Returning,5
25-34,Returning,792
45+,Returning,465
35-44,New,834
25-34,Returning,783
35-44,New,407
13-17,New,716
18-24,Returning,12
25-34,New,292
13-17,Returning,444
45+,New,702
13-17,Returning,363
35-44,Returning,283
35-44,New,838
25-34,New,773
18-24,Returning,412
45+,New,58
45+,New,218
25-34,Returning,669
35-44,Returning,144
25-34,New,954
13-17,Returning,262
18-24,Returning,598
35-44,Returning,358
35-44,Returning,669
45+,New,563
45+,Returning,884
35-44,Returning,508
18-24,Returning,663
35-44,Returning,871
25-34,Returning,239
45+,Returning,530
35-44,New,20
25-34,Returning,673
45+,Returning,113
25-34,Returning,35
18-24,New,686
35-44,New,407
13-17,New,90
13-17,New,85
35-44,Returning,735
25-34,New,954
35-44,New,418
25-34,Returning,193
18-24,New,645
45+,Returning,319
35-44,New,984
13-17,New,975
18-24,Returning,187
35-44,Returning,173
13-17,Returning,452
35-44,New,857
25-34,New,579
25-34,Returning,244
35-44,Returning,414
18-24,Returning,946
35-44,Returning,277
25-34,Returning,823
13-17,New,189
45+,New,132
25-34,New,806
25-34,New,705
35-44,New,618
25-34,Returning,116
45+,Returning,295
45+,Returning,353
25-34,New,866
35-44,New,373
18-24,Returning,932
35-44,New,270
18-24,New,197
35-44,Returning,973
25-34,New,197
13-17,New,805
45+,New,804
18-24,Returning,27
45+,Returning,89
25-34,Returning,836
25-34,Returning,127
45+,New,391
18-24,New,143
13-17,Returning,388
25-34,Returning,822
45+,Returning,432
18-24,New,459
25-34,Returning,644
45+,New,891
45+,Returning,383
35-44,Returning,59
25-34,Returning,612
35-44,New,937
45+,Returning,860
35-44,Returning,479
45+,Returning,985
35-44,New,390
25-34,New,434
13-17,Returning,789
35-44,New,889
35-44,Returning,410
35-44,Returning,398
18-24,New,668
35-44,New,822
25-34,New,573
35-44,New,556
13-17,Returning,971
13-17,New,602
25-34,Returning,682
18-24,Returning,611
35-44,New,298
45+,New,236
18-24,Returning,211
25-34,Returning,134
13-17,Returning,307
25-34,Returning,457
13-17,Returning,604
35-44,Returning,899
18-24,New,95
18-24,New,828
13-17,New,538
35-44,New,119
35-44,New,370
35-44,New,424
18-24,New,210
25-34,Returning,574
18-24,Returning,852
18-24,Returning,684
25-34,New,67
35-44,Returning,213
35-44,New,526
45+,New,932
13-17,New,665
13-17,Returning,411
35-44,New,526
18-24,Returning,742
18-24,Returning,41
13-17,New,779
35-44,Returning,430
18-24,New,314
35-44,New,943
35-44,Returning,3
45+,Returning,340
35-44,Returning,607
35-44,New,947
45+,Returning,763
35-44,Returning,586
25-34,Returning,809
35-44,New,111
35-44,New,889
25-34,Returning,986
13-17,New,826
35-44,Returning,846
13-17,New,744
35-44,Returning,879
45+,Returning,589
25-34,New,930
13-17,New,693
35-44,Returning,511
45+,Returning,991
18-24,Returning,979
35-44,Returning,725
45+,New,790
25-34,New,97
25-34,Returning,749
25-34,Returning,542
35-44,Returning,815
18-24,New,262
45+,Returning,172
18-24,Returning,499
35-44,New,483
35-44,New,765
25-34,New,240
18-24,Returning,585
25-34,Returning,528
18-24,Returning,228
13-17,Returning,405
45+,New,443
45+,New,756
18-24,Returning,267
25-34,New,262
25-34,Returning,588
18-24,Returning,746
35-44,Returning,384
18-24,Returning,971
35-44,New,90
35-44,New,523
45+,New,130
18-24,Returning,474
13-17,Returning,9
35-44,New,955
18-24,New,603
25-34,Returning,817
35-44,New,296
35-44,New,375
18-24,New,131
35-44,Returning,512
25-34,Returning,834
45+,Returning,66
25-34,Returning,885
18-24,Returning,471
18-24,Returning,554
45+,New,899
35-44,New,536
25-34,New,888
25-34,New,822
18-24,New,200
25-34,New,549
25-34,New,442
25-34,New,871
25-34,Returning,465
18-24,New,288
25-34,Returning,938
18-24,Returning,865
25-34,Returning,105
35-44,Returning,641
13-17,New,245
35-44,Returning,871
18-24,New,491
13-17,New,638
45+,New,496
35-44,New,158
18-24,New,8
45+,New,816
13-17,Returning,763
35-44,New,584
35-44,New,18
18-24,New,580
35-44,New,967
18-24,Returning,401
18-24,Returning,905
45+,Returning,100
18-24,Returning,19
25-34,Returning,59
35-44,Returning,471
25-34,Returning,495
25-34,New,747
45+,Returning,739
35-44,Returning,732
35-44,New,366
13-17,Returning,542
45+,New,287
45+,New,70
13-17,New,793
25-34,Returning,190
25-34,Returning,900
45+,Returning,314
18-24,Returning,388
45+,New,219
35-44,Returning,71
18-24,New,850
13-17,Returning,231
13-17,New,496
13-17,New,297
13-17,Returning,81
35-44,New,312
18-24,New,810
25-34,Returning,221
18-24,New,163
35-44,New,838
45+,New,988
25-34,Returning,505
45+,Returning,128
25-34,Returning,952
35-44,New,832
18-24,New,559
45+,New,577
35-44,Returning,671
18-24,New,956
25-34,New,929
25-34,New,50
35-44,New,949
45+,New,302
35-44,Returning,648
18-24,New,742
35-44,Returning,879
45+,New,362
35-44,Returning,622
18-24,Returning,484
25-34,Returning,997
25-34,Returning,870
13-17,New,118
18-24,New,563
25-34,Returning,70
25-34,New,927
25-34,Returning,854
18-24,Returning,998
45+,Returning,67
13-17,Returning,862
45+,Returning,576
13-17,New,505
35-44,New,26
35-44,New,191
25-34,Returning,242
25-34,Returning,610
13-17,Returning,371
35-44,Returning,547
13-17,New,541
25-34,Returning,518
35-44,Returning,23
45+,New,572
18-24,New,589
13-17,Returning,670
25-34,New,134
25-34,Returning,857
45+,New,357
18-24,Returning,394
25-34,Returning,555
25-34,Returning,862
18-24,Returning,856
18-24,Returning,715
18-24,New,219
35-44,New,329
18-24,New,613
35-44,Returning,175
45+,Returning,274
35-44,New,487
18-24,New,614
25-34,New,449
18-24,Returning,105
25-34,Returning,571
25-34,New,209
45+,Returning,496
25-34,New,51
25-34,Returning,725
25-34,Returning,443
25-34,New,301
35-44,New,576
18-24,New,164
25-34,New,943
18-24,New,104
25-34,New,414
25-34,Returning,95
18-24,New,270
35-44,New,144
35-44,New,499
35-44,New,544
13-17,Returning,10
13-17,Returning,553
25-34,New,686
35-44,Returning,864
45+,New,959
25-34,Returning,472
45+,Returning,639
25-34,Returning,690
45+,New,510
13-17,New,173
13-17,New,994
25-34,New,49
13-17,New,723
25-34,Returning,369
25-34,Returning,163
25-34,Returning,508
13-17,New,696
18-24,New,114
25-34,Returning,679
35-44,New,393
25-34,New,697
35-44,Returning,951
13-17,New,638
35-44,Returning,136
35-44,New,764
25-34,Returning,512
13-17,Returning,135
25-34,New,926
45+,New,423
45+,New,352
25-34,Returning,735
35-44,Returning,463
35-44,Returning,200
35-44,New,542
35-44,New,157
45+,New,182
25-34,Returning,306
35-44,Returning,625
25-34,New,297
18-24,Returning,352
13-17,Returning,808
25-34,Returning,910
18-24,New,740
18-24,New,915
18-24,Returning,906
35-44,Returning,541
35-44,Returning,47
45+,New,434
25-34,Returning,508
35-44,Returning,360
13-17,Returning,91
35-44,Returning,430
18-24,New,568
45+,New,527
25-34,Returning,209
25-34,Returning,609
35-44,Returning,765
25-34,Returning,881
18-24,New,615
18-24,Returning,249
25-34,New,199
45+,Returning,903
45+,Returning,263
45+,Returning,612
13-17,New,146
13-17,New,805
18-24,New,897
45+,New,115
13-17,Returning,199
35-44,Returning,840
35-44,Returning,99
18-24,New,905
35-44,New,52
18-24,New,290
25-34,New,755
25-34,New,205
13-17,Returning,473
35-44,Returning,839
35-44,Returning,580
13-17,Returning,184
25-34,New,745
13-17,New,513
18-24,New,697
25-34,New,109
13-17,Returning,398
25-34,Returning,919
25-34,Returning,527
25-34,Returning,392
13-17,Returning,790
35-44,New,262
25-34,New,733
25-34,New,654
18-24,New,155
25-34,Returning,834
18-24,New,381
45+,New,448
35-44,Returning,38
18-24,Returning,225
18-24,New,689
45+,New,388
25-34,New,12
18-24,New,520
35-44,New,48
18-24,Returning,435
35-44,Returning,220
18-24,Returning,340
35-44,Returning,79
18-24,Returning,680
45+,New,318
45+,New,907
35-44,New,8
18-24,New,415
35-44,Returning,688
25-34,Returning,528
45+,New,493
35-44,Returning,190
18-24,New,859
18-24,Returning,724
45+,Returning,175
13-17,Returning,119
25-34,New,954
35-44,Returning,734
25-34,Returning,851
13-17,New,549
18-24,New,927
45+,New,840
35-44,Returning,24
13-17,Returning,415
18-24,Returning,159
18-24,New,859
35-44,Returning,767
25-34,Returning,141
35-44,Returning,405
18-24,New,344
18-24,Returning,700
45+,New,238
25-34,Returning,534
45+,Returning,42
35-44,New,925
18-24,New,646
35-44,Returning,418
13-17,New,598
35-44,Returning,427
35-44,Returning,969
45+,New,988
45+,Returning,420
13-17,New,95
25-34,Returning,815
35-44,New,629
13-17,New,182
35-44,New,998
35-44,New,873
25-34,Returning,41
25-34,Returning,533
25-34,New,578
25-34,New,685
35-44,Returning,574
25-34,New,836
45+,New,940
25-34,New,939
25-34,Returning,645
25-34,New,664
25-34,Returning,684
35-44,Returning,399
45+,New,884
18-24,Returning,207
35-44,Returning,440
13-17,Returning,895
25-34,Returning,670
35-44,Returning,714
13-17,New,77
18-24,Returning,717
45+,Returning,255
18-24,New,866
35-44,Returning,815
35-44,Returning,465
35-44,New,740
18-24,New,892
18-24,Returning,848
45+,Returning,716
18-24,Returning,171
35-44,Returning,4
45+,New,311
18-24,New,654
45+,Returning,910
18-24,Returning,760
13-17,Returning,404
18-24,New,649
25-34,New,49
25-34,Returning,693
25-34,Returning,480
18-24,Returning,664
45+,New,4
45+,Returning,814
35-44,New,823
13-17,Returning,988
45+,New,718
35-44,New,658
25-34,New,262
25-34,New,353
25-34,Returning,207
18-24,New,434
13-17,New,650
25-34,Returning,305
18-24,New,417
35-44,New,376
25-34,New,299
13-17,Returning,669
18-24,New,667
35-44,New,724
35-44,Returning,412
18-24,Returning,556
18-24,Returning,123
35-44,New,738
18-24,New,241
35-44,Returning,937
25-34,New,477
45+,New,85
35-44,New,381
25-34,Returning,43
18-24,Returning,741
45+,Returning,84
18-24,Returning,446
18-24,Returning,520
45+,New,606
18-24,Returning,558
35-44,Returning,334
35-44,Returning,672
35-44,Returning,131
45+,Returning,979
13-17,New,582
18-24,New,569
45+,Returning,641
25-34,New,857
45+,Returning,353
18-24,Returning,221
18-24,Returning,441
18-24,Returning,644
35-44,New,624
13-17,New,981
45+,New,431
35-44,New,174
13-17,Returning,458
25-34,New,789
18-24,New,282
45+,Returning,202
35-44,Returning,125
25-34,New,652
18-24,Returning,503
18-24,New,641
35-44,New,718
25-34,Returning,507
35-44,Returning,273
25-34,Returning,444
18-24,New,767
35-44,New,144
13-17,Returning,24
13-17,Returning,666
13-17,Returning,838
25-34,New,929
35-44,New,608
13-17,New,263
25-34,New,991
35-44,New,862
13-17,New,506
45+,New,410
35-44,Returning,795
18-24,Returning,731
18-24,New,720
18-24,Returning,382
25-34,New,299
45+,Returning,462
25-34,New,336
25-34,Returning,615
25-34,Returning,516
35-44,Returning,239
18-24,Returning,562
13-17,Returning,55
35-44,Returning,185
18-24,New,471
25-34,New,844
25-34,New,311
13-17,Returning,241
45+,Returning,705
13-17,New,401
25-34,New,251
35-44,New,382
45+,New,36
13-17,Returning,10
35-44,New,497
25-34,Returning,478
45+,New,166
25-34,New,185
45+,Returning,426
35-44,Returning,534
35-44,New,41
35-44,New,11
18-24,Returning,788
25-34,New,877
45+,Returning,513
35-44,Returning,442
18-24,New,288
35-44,New,482
35-44,Returning,412
45+,New,924
35-44,Returning,715
25-34,Returning,111
35-44,New,367
18-24,Returning,24
35-44,Returning,54
13-17,Returning,205
25-34,New,747
18-24,Returning,218
13-17,New,770
25-34,New,573
45+,New,681
35-44,New,102
18-24,New,214
13-17,Returning,226
25-34,Returning,874
25-34,New,293
13-17,Returning,691
25-34,New,24
13-17,New,43
25-34,Returning,844
45+,Returning,788
25-34,New,913
35-44,Returning,495
25-34,New,182
35-44,New,402
13-17,New,254
35-44,New,276
18-24,New,673
25-34,New,991
25-34,New,100
25-34,New,700
13-17,New,551
35-44,Returning,492
45+,New,751
45+,New,447
45+,New,507
35-44,Returning,111
35-44,Returning,867
25-34,Returning,436
18-24,New,909
35-44,Returning,181
35-44,New,529
18-24,New,677
25-34,Returning,794
35-44,New,817
35-44,New,646
35-44,Returning,126
25-34,New,184
13-17,New,584
13-17,New,10
35-44,Returning,246
35-44,New,409
18-24,Returning,669
13-17,Returning,316
18-24,Returning,470
35-44,New,209
45+,New,464
18-24,New,642
18-24,Returning,512
45+,Returning,605
45+,New,463
13-17,New,803
45+,Returning,82
35-44,Returning,795
18-24,Returning,157
35-44,Returning,238
45+,New,496
45+,New,4
45+,New,50
25-34,New,391
35-44,New,931
25-34,New,933
25-34,Returning,864
45+,New,278
35-44,New,364
18-24,New,799
13-17,Returning,947
13-17,New,447
18-24,New,551
13-17,Returning,997
35-44,Returning,287
35-44,Returning,32
18-24,New,758
45+,New,81
45+,Returning,833
25-34,New,848
25-34,Returning,454
35-44,New,47
35-44,New,617
18-24,Returning,930
25-34,Returning,463
35-44,New,848
25-34,New,385
18-24,Returning,553
18-24,Returning,601
18-24,Returning,987
45+,New,42
45+,Returning,356
25-34,Returning,296
35-44,New,962
18-24,New,59
25-34,Returning,475
25-34,New,593
35-44,Returning,621
25-34,Returning,830
35-44,Returning,380
25-34,Returning,786
35-44,Returning,405
35-44,Returning,213
13-17,New,852
45+,New,338
35-44,Returning,957
18-24,New,401
25-34,Returning,473
35-44,Returning,300
35-44,Returning,87
18-24,Returning,278
45+,Returning,819
13-17,Returning,708
25-34,New,138
25-34,Returning,462
18-24,New,832
18-24,New,907
18-24,New,45
18-24,New,287
45+,New,533
35-44,New,940
35-44,Returning,232
18-24,Returning,801
18-24,New,723
35-44,New,330
18-24,Returning,207
35-44,New,808
45+,Returning,371
45+,Returning,350
25-34,New,674
18-24,New,375
35-44,Returning,354
45+,Returning,588
35-44,Returning,347
25-34,Returning,46
18-24,New,842
25-34,Returning,849
18-24,Returning,555
35-44,Returning,816
13-17,New,446
35-44,New,480
18-24,New,978
13-17,Returning,331
25-34,New,78
25-34,Returning,804
18-24,New,16
13-17,Returning,750
18-24,New,505
13-17,Returning,164
18-24,New,802
25-34,New,257
35-44,New,990
25-34,New,861
25-34,New,781
25-34,New,487
25-34,Returning,769
25-34,Returning,561
35-44,New,330
25-34,New,751
35-44,Returning,421
18-24,New,54
25-34,New,670
18-24,New,834
25-34,New,287
13-17,New,16
18-24,New,342
35-44,Returning,138
13-17,Returning,965
35-44,Returning,850
35-44,New,850
18-24,Returning,491
35-44,Returning,970
13-17,New,826
18-24,New,656
35-44,Returning,253
25-34,Returning,37
25-34,New,504
18-24,New,462
25-34,New,485
18-24,New,577
18-24,Returning,406
35-44,New,629
45+,Returning,391
18-24,New,916
45+,New,976
13-17,New,875
45+,Returning,877
18-24,New,240
13-17,Returning,486
35-44,Returning,203
45+,New,775
45+,Returning,363
35-44,Returning,330
35-44,Returning,267
45+,New,744
45+,Returning,225
45+,New,142
25-34,Returning,309
35-44,New,50
35-44,Returning,196
25-34,Returning,554
25-34,New,444
45+,New,532
25-34,Returning,346
13-17,Returning,452
25-34,Returning,78
25-34,New,198
18-24,Returning,360
45+,Returning,374
35-44,Returning,629
45+,New,960
18-24,Returning,51
18-24,New,281
35-44,Returning,508
18-24,Returning,476
25-34,New,222
45+,Returning,499
45+,Returning,119
45+,New,303
35-44,Returning,775
13-17,New,260
13-17,New,654
13-17,New,686
35-44,New,779
13-17,Returning,890
35-44,New,315
35-44,New,962
45+,New,396
13-17,New,865
45+,Returning,655
13-17,New,980
35-44,New,271
35-44,Returning,445
35-44,New,143
13-17,Returning,747
35-44,New,999
35-44,New,988
45+,Returning,179
13-17,New,756
45+,Returning,516
45+,New,568
18-24,Returning,990
18-24,Returning,347
18-24,New,490
25-34,Returning,596
35-44,New,107
13-17,Returning,879
25-34,Returning,696
25-34,New,784
18-24,Returning,485
35-44,Returning,377
13-17,New,531
35-44,New,724
35-44,New,947
35-44,Returning,26
18-24,New,635
13-17,New,963
35-44,Returning,881
13-17,New,903
45+,New,633
25-34,New,553
35-44,Returning,763
18-24,New,783
18-24,New,162
25-34,New,116
18-24,Returning,489
35-44,New,361
18-24,New,252
35-44,Returning,506
45+,Returning,933
25-34,Returning,281
35-44,New,925
35-44,New,327
35-44,New,377
18-24,Returning,948
35-44,New,845
18-24,Returning,914
18-24,Returning,922
35-44,New,37
35-44,New,527
18-24,Returning,243
13-17,New,817
13-17,New,331
45+,Returning,425
45+,New,966
13-17,Returning,461
45+,New,146
35-44,New,830
18-24,Returning,407
35-44,New,583
35-44,Returning,142
18-24,Returning,688
25-34,New,256
45+,Returning,699
25-34,New,487
45+,Returning,521
18-24,Returning,137
13-17,Returning,25
18-24,New,573
13-17,Returning,208
18-24,New,959
35-44,Returning,685
13-17,Returning,330
35-44,Returning,389
35-44,New,84
18-24,New,935
35-44,New,384
18-24,New,60
35-44,Returning,742
18-24,Returning,93
13-17,New,892
35-44,New,625
35-44,New,171
18-24,New,165
35-44,Returning,614
25-34,New,481
25-34,New,224
35-44,Returning,704
13-17,Returning,36
45+,Returning,637
45+,New,374
13-17,Returning,259
35-44,New,272
35-44,Returning,354
25-34,Returning,7
35-44,New,67
25-34,Returning,5
25-34,Returning,536
35-44,Returning,349
18-24,New,515
18-24,Returning,822
25-34,Returning,55
35-44,Returning,858
25-34,New,556
13-17,Returning,132
45+,New,954
25-34,New,354
45+,New,609
25-34,Returning,280
35-44,New,207
18-24,New,514
18-24,New,428
25-34,Returning,657
35-44,New,985
25-34,New,60
45+,New,415
13-17,New,372
25-34,New,925
45+,New,469
25-34,New,895
13-17,New,767
35-44,Returning,349
35-44,New,288
35-44,Returning,53
25-34,New,151
25-34,New,175
25-34,Returning,539
13-17,New,66
35-44,New,89
25-34,Returning,418
25-34,New,383
13-17,Returning,50
35-44,New,370
35-44,New,364
45+,New,134
25-34,New,212
13-17,New,38
25-34,New,307
25-34,New,949
25-34,New,161
35-44,New,217
35-44,New,851
35-44,New,35
13-17,New,926
45+,Returning,689
35-44,New,60
18-24,Returning,307
13-17,Returning,575
13-17,Returning,838
25-34,Returning,467
13-17,New,719
25-34,New,989
35-44,New,81
25-34,New,836
35-44,Returning,780
35-44,New,635
25-34,New,983
45+,New,825
25-34,New,781
35-44,New,16
18-24,Returning,246
25-34,New,328
45+,New,64
35-44,Returning,49
25-34,New,4
25-34,Returning,546
18-24,New,834
35-44,New,185
35-44,Returning,298
25-34,Returning,646
25-34,Returning,337
25-34,New,219
45+,New,569
45+,New,536
45+,Returning,309
18-24,Returning,147
25-34,New,512
18-24,Returning,548
35-44,New,44
18-24,New,619
25-34,New,734
25-34,New,210
45+,Returning,483
35-44,Returning,700
45+,Returning,448
25-34,Returning,711
18-24,New,768
25-34,New,78
35-44,Returning,984
35-44,Returning,909
45+,Returning,868
45+,Returning,753
18-24,Returning,573
35-44,Returning,365
45+,New,134
45+,New,824
25-34,Returning,192
25-34,New,219
18-24,New,925
18-24,Returning,198
18-24,New,246
18-24,Returning,255
13-17,New,189
35-44,New,314
35-44,Returning,643
25-34,New,651
18-24,Returning,11
13-17,Returning,483
35-44,Returning,931
45+,New,756
35-44,Returning,793
25-34,Returning,692
35-44,Returning,380
35-44,New,169
35-44,Returning,236
18-24,Returning,767
45+,New,999
25-34,New,189
25-34,Returning,41
35-44,Returning,302
45+,New,31
18-24,New,960
25-34,Returning,842
35-44,New,172
35-44,Returning,170
25-34,Returning,702
18-24,Returning,52
45+,Returning,340
18-24,New,653
25-34,New,144
13-17,Returning,701
45+,Returning,544
25-34,New,263
18-24,New,19
25-34,New,829
45+,Returning,161
45+,New,636
25-34,Returning,34
25-34,Returning,819
25-34,New,860
13-17,New,430
25-34,Returning,656
25-34,New,815
25-34,Returning,668
25-34,Returning,706
18-24,New,911
35-44,Returning,375
18-24,New,704
13-17,Returning,347
25-34,New,620
25-34,Returning,359
13-17,New,57
45+,New,667
35-44,New,789
25-34,New,830
25-34,Returning,664
18-24,New,562
25-34,New,499
25-34,New,701
35-44,New,635
35-44,New,562
13-17,New,536
35-44,Returning,345
18-24,Returning,73
25-34,New,970
35-44,Returning,110
35-44,Returning,727
18-24,Returning,435
35-44,Returning,713
25-34,Returning,242
35-44,Returning,1000
45+,Returning,345
25-34,New,617
25-34,New,968
35-44,New,167
25-34,Returning,415
18-24,New,935
25-34,New,344
35-44,New,669
25-34,New,501
13-17,Returning,785
25-34,Returning,151
13-17,New,59
45+,Returning,279
18-24,Returning,513
45+,New,698
35-44,Returning,995
25-34,Returning,282
18-24,Returning,111
25-34,Returning,173
35-44,New,237
25-34,Returning,406
35-44,New,56
25-34,New,935
25-34,Returning,288
45+,New,279
25-34,Returning,579
35-44,Returning,894
25-34,New,323
25-34,Returning,349
35-44,Returning,168
35-44,New,383
45+,New,493
13-17,Returning,200
35-44,New,38
13-17,Returning,456
18-24,Returning,221
35-44,New,447
18-24,Returning,402
18-24,New,725
25-34,New,582
25-34,Returning,504
45+,Returning,896
45+,Returning,971
35-44,New,990
25-34,New,934
25-34,Returning,899
13-17,New,429
35-44,New,861
18-24,New,270
35-44,Returning,882
25-34,New,506
18-24,New,167
45+,Returning,902
25-34,Returning,736
45+,Returning,606
45+,New,70
35-44,New,435
45+,Returning,659
25-34,New,177
35-44,New,187
45+,New,60
45+,New,965
18-24,New,14
25-34,New,194
18-24,Returning,108
35-44,Returning,414
35-44,New,551
25-34,Returning,405
18-24,New,260
45+,New,404
25-34,New,68
13-17,New,81
18-24,New,237
13-17,New,862
18-24,Returning,68
45+,Returning,858
18-24,New,489
18-24,New,768
18-24,Returning,486
35-44,Returning,750
35-44,New,994
18-24,Returning,733
18-24,Returning,599
18-24,New,974
35-44,Returning,93
13-17,New,281
13-17,New,951
45+,Returning,692
45+,Returning,616
25-34,New,436
45+,Returning,803
45+,Returning,253
25-34,Returning,789
18-24,New,143
18-24,Returning,383
45+,Returning,472
18-24,Returning,31
35-44,New,878
35-44,Returning,176
18-24,Returning,487
25-34,New,568
18-24,New,263
13-17,Returning,723
35-44,New,273
13-17,Returning,49
18-24,Returning,149
35-44,Returning,104
25-34,New,788
35-44,Returning,584
18-24,New,217
18-24,New,801
25-34,Returning,580
13-17,New,659
35-44,New,701
35-44,New,437
35-44,New,789
25-34,Returning,659
35-44,Returning,713
45+,Returning,698
35-44,New,821
13-17,Returning,309
25-34,New,426
35-44,New,168
45+,Returning,493
18-24,New,77
25-34,Returning,923
35-44,New,667
35-44,Returning,227
18-24,New,584
25-34,New,529
35-44,New,938
45+,Returning,674
18-24,Returning,71
13-17,Returning,989
25-34,Returning,675
35-44,Returning,392
45+,New,94
18-24,Returning,79
13-17,New,849
25-34,New,495
18-24,New,33
35-44,Returning,575
25-34,New,481
35-44,Returning,8
25-34,New,133
35-44,Returning,845
18-24,New,978
18-24,Returning,94
35-44,Returning,553
18-24,New,331
25-34,Returning,487
25-34,New,150
13-17,Returning,776
35-44,New,476
13-17,Returning,378
25-34,New,139
45+,Returning,826
25-34,Returning,823
25-34,Returning,932
18-24,Returning,972
25-34,New,755
35-44,Returning,578
18-24,New,137
25-34,New,19
18-24,New,277
35-44,Returning,654
45+,New,497
45+,New,870
25-34,New,86
35-44,New,350
25-34,Returning,785
45+,New,812
18-24,New,49
25-34,New,151
13-17,New,690
35-44,Returning,234
45+,New,89
45+,New,93
25-34,Returning,61
35-44,New,590
25-34,New,163
25-34,Returning,401
25-34,Returning,398
35-44,Returning,612
35-44,Returning,972
45+,Returning,124
18-24,New,433
45+,Returning,72
25-34,New,304
25-34,New,627
25-34,Returning,624
35-44,Returning,698
25-34,Returning,386
45+,Returning,717
25-34,Returning,924
35-44,New,112
35-44,Returning,677
45+,New,726
13-17,New,104
13-17,Returning,501
25-34,New,377
25-34,Returning,809
18-24,Returning,381
25-34,Returning,607
45+,New,18
18-24,Returning,455
25-34,Returning,854
18-24,New,263
45+,Returning,110
18-24,New,551
13-17,New,716
45+,New,336
13-17,New,833
45+,Returning,427
25-34,Returning,148
35-44,Returning,404
45+,New,731
18-24,Returning,250
25-34,Returning,584
25-34,Returning,363
45+,Returning,933
35-44,New,346
45+,Returning,663
45+,Returning,981
25-34,New,621
13-17,Returning,150
35-44,Returning,548
45+,Returning,932
35-44,Returning,723
13-17,New,727
35-44,New,316
25-34,Returning,537
25-34,New,830
18-24,New,34
25-34,New,528
35-44,Returning,91
25-34,New,537
13-17,New,633
45+,Returning,756
25-34,Returning,961
13-17,Returning,48
35-44,New,414
45+,Returning,346
45+,Returning,775
13-17,Returning,180
18-24,Returning,574
35-44,Returning,672
13-17,Returning,459
35-44,New,212
25-34,Returning,928
13-17,Returning,97
13-17,New,872
35-44,Returning,117
25-34,Returning,105
25-34,New,575
25-34,Returning,141
35-44,New,740
13-17,Returning,503
45+,Returning,348
13-17,New,537
35-44,Returning,350
18-24,Returning,122
25-34,Returning,395
13-17,New,748
25-34,New,509
25-34,Returning,357
25-34,Returning,232
25-34,New,326
18-24,Returning,341
18-24,New,543
13-17,New,68
35-44,Returning,933
45+,New,838
35-44,Returning,744
18-24,New,687
25-34,New,484
35-44,Returning,185
35-44,New,630
25-34,Returning,836
45+,Returning,598
25-34,New,600
25-34,Returning,879
13-17,New,158
35-44,Returning,76
35-44,New,959
25-34,New,762
25-34,New,690
35-44,New,128
18-24,Returning,428
18-24,New,38
25-34,New,668
35-44,Returning,586
35-44,Returning,303
35-44,Returning,404
35-44,New,532
35-44,New,193
13-17,New,677
45+,Returning,96
25-34,Returning,205
45+,New,575
18-24,Returning,507
18-24,Returning,881
25-34,Returning,512
18-24,Returning,849
45+,Returning,258
25-34,Returning,348
35-44,Returning,454
13-17,Returning,646
13-17,New,549
35-44,Returning,453
18-24,New,802
13-17,New,323
25-34,Returning,45
25-34,Returning,274
35-44,Returning,920
25-34,New,817
45+,Returning,437
45+,New,164
45+,New,923
35-44,Returning,393
25-34,New,825
18-24,New,39
45+,Returning,834
13-17,Returning,468
45+,New,190
45+,New,76
35-44,Returning,874
45+,Returning,443
13-17,Returning,855
13-17,Returning,292
25-34,Returning,194
25-34,New,941
13-17,New,365
18-24,New,577
13-17,Returning,393
25-34,New,299
18-24,New,611
45+,New,314
35-44,New,304
35-44,New,720
25-34,New,207
13-17,New,456
13-17,Returning,86
25-34,New,803
25-34,New,335
35-44,New,743
35-44,Returning,598
18-24,Returning,751
35-44,Returning,444
18-24,New,811
25-34,New,663
18-24,Returning,172
25-34,New,518
13-17,New,387
18-24,Returning,682
25-34,Returning,98
25-34,Returning,454
18-24,New,684
18-24,Returning,411
35-44,New,590
35-44,New,615
18-24,New,462
25-34,Returning,28
35-44,New,231
45+,New,314
35-44,Returning,764
45+,Returning,232
25-34,New,634
25-34,New,446
13-17,New,341
35-44,Returning,258
25-34,Returning,68
18-24,Returning,972
25-34,Returning,658
35-44,New,528
35-44,New,457
35-44,New,309
25-34,New,210
35-44,New,56
25-34,New,377
13-17,Returning,944
18-24,Returning,316
45+,Returning,987
25-34,Returning,887
18-24,New,389
25-34,Returning,272
35-44,Returning,555
18-24,New,484
18-24,New,412
13-17,New,618
45+,Returning,96
35-44,Returning,571
25-34,New,239
25-34,Returning,293
25-34,Returning,321
13-17,New,613
13-17,New,590
13-17,Returning,344
35-44,Returning,135
18-24,New,302
45+,Returning,672
45+,New,643
13-17,Returning,681
13-17,New,102
45+,New,389
35-44,New,24
45+,Returning,635
25-34,Returning,69
18-24,New,679
35-44,New,228
18-24,Returning,357
25-34,New,71
35-44,Returning,843
45+,Returning,669
35-44,Returning,962
45+,Returning,577
25-34,New,364
13-17,Returning,624
35-44,New,144
25-34,Returning,979
25-34,New,615
13-17,Returning,618
18-24,Returning,997
25-34,New,919
35-44,New,918
18-24,New,952
35-44,New,581
13-17,Returning,205
13-17,Returning,392
18-24,New,44
18-24,Returning,937
25-34,Returning,892
25-34,Returning,507
25-34,New,466
18-24,Returning,483
18-24,New,922
25-34,New,540
35-44,New,486
13-17,Returning,330
35-44,Returning,657
13-17,Returning,70
35-44,Returning,534
35-44,New,720
35-44,Returning,127
13-17,Returning,445
13-17,New,762
25-34,New,292
18-24,Returning,260
13-17,Returning,787
18-24,New,761
18-24,Returning,453
13-17,New,434
35-44,New,61
25-34,Returning,881
25-34,Returning,301
18-24,Returning,149
45+,Returning,781
35-44,New,565
13-17,New,361
45+,New,347
25-34,Returning,209
45+,New,782
35-44,New,277
25-34,Returning,377
13-17,Returning,536
35-44,Returning,519
25-34,New,969
18-24,Returning,322
45+,New,266
18-24,Returning,700
25-34,New,501
45+,New,459
35-44,New,998
45+,Returning,430
18-24,New,517
13-17,New,825
25-34,Returning,51
25-34,Returning,940
45+,New,42
35-44,New,481
35-44,New,561
25-34,New,147
35-44,New,498
45+,Returning,942
25-34,New,964
45+,Returning,76
18-24,New,268
45+,Returning,514
18-24,New,466
45+,Returning,367
35-44,Returning,177
13-17,New,234
25-34,Returning,376
45+,Returning,307
25-34,Returning,540
25-34,New,62
35-44,New,966
25-34,Returning,915
35-44,New,972
18-24,New,690
35-44,Returning,928
25-34,Returning,642
25-34,Returning,901
25-34,Returning,850
35-44,New,137
25-34,New,933
25-34,Returning,915
18-24,Returning,846
35-44,Returning,713
25-34,New,236
25-34,New,747
45+,New,884
45+,New,841
25-34,New,955
25-34,New,878
25-34,New,33
18-24,New,466
45+,Returning,520
13-17,Returning,483
45+,Returning,208
35-44,Returning,752
25-34,New,852
13-17,New,931
35-44,New,929
45+,New,295
18-24,Returning,191
25-34,New,717
25-34,New,855
25-34,New,623
13-17,New,863
13-17,New,314
45+,Returning,314
45+,New,377
25-34,New,615
35-44,Returning,660
25-34,New,41
25-34,New,132
35-44,Returning,65
35-44,Returning,643
25-34,New,206
35-44,New,405
45+,New,458
25-34,New,38
13-17,New,526
35-44,Returning,262
25-34,New,118
25-34,New,554
25-34,Returning,907
18-24,Returning,228
25-34,New,618
25-34,New,568
35-44,New,965
13-17,New,233
25-34,Returning,15
18-24,Returning,193
25-34,Returning,263
35-44,New,683
35-44,New,571
35-44,Returning,214
25-34,New,596
13-17,New,770
25-34,Returning,99
35-44,New,876
18-24,New,18
25-34,Returning,99
45+,New,791
18-24,New,215
18-24,New,446
45+,New,775
35-44,New,370
35-44,New,162
18-24,New,792
35-44,New,6
25-34,New,458
25-34,Returning,531
35-44,New,639
45+,New,817
45+,New,455
18-24,New,164
45+,Returning,529
25-34,New,886
25-34,New,266
45+,Returning,518
35-44,New,561
35-44,New,717
45+,New,543
25-34,New,142
35-44,Returning,173
13-17,Returning,467
45+,Returning,746
18-24,New,343
45+,New,127
45+,New,902
18-24,Returning,105
25-34,New,136
18-24,Returning,761
18-24,Returning,389
35-44,New,149
35-44,New,593
35-44,New,164
18-24,Returning,769
13-17,New,222
45+,New,352
25-34,Returning,400
35-44,Returning,622
25-34,New,266
13-17,New,852
45+,Returning,952
25-34,New,113
35-44,Returning,773
25-34,Returning,150
13-17,Returning,371
35-44,New,756
25-34,Returning,62
35-44,New,160
18-24,New,639
45+,New,519
18-24,Returning,554
45+,Returning,312
18-24,New,644
45+,Returning,854
13-17,New,906
18-24,Returning,290
25-34,Returning,278
13-17,Returning,337
25-34,New,111
35-44,Returning,113
35-44,New,292
18-24,Returning,214
45+,New,19
35-44,Returning,954
13-17,New,533
35-44,Returning,621
45+,Returning,606
18-24,New,618
35-44,Returning,846
35-44,New,34
13-17,Returning,646
45+,Returning,52
45+,New,178
18-24,New,481
45+,New,143
25-34,Returning,871
18-24,Returning,508
25-34,New,966
18-24,New,203
25-34,Returning,386
45+,New,458
13-17,Returning,866
18-24,Returning,185
13-17,Returning,202
35-44,New,919
25-34,New,110
13-17,New,749
25-34,Returning,697
45+,New,994
35-44,Returning,177
25-34,New,139
25-34,New,610
45+,Returning,92
45+,New,778
45+,New,292
35-44,New,493
45+,New,732
35-44,New,464
13-17,New,275
45+,New,205
45+,New,718
45+,New,300
25-34,Returning,59
45+,New,599
35-44,New,360
18-24,New,713
25-34,New,557
35-44,Returning,99
18-24,Returning,383
35-44,Returning,604
45+,New,193
18-24,New,577
35-44,New,829
25-34,New,377
25-34,Returning,509
18-24,New,152
18-24,New,785
45+,Returning,634
18-24,Returning,625
35-44,Returning,132
45+,Returning,780
13-17,New,986
13-17,Returning,119
45+,New,273
35-44,Returning,339
35-44,Returning,326
35-44,New,389
13-17,New,192
18-24,Returning,824
18-24,Returning,362
25-34,New,968
13-17,Returning,391
13-17,Returning,192
25-34,New,315
13-17,Returning,198
25-34,New,138
45+,Returning,151
13-17,New,237
35-44,Returning,162
25-34,Returning,733
18-24,Returning,576
45+,New,968
13-17,Returning,113
25-34,New,687
35-44,New,204
35-44,New,344
25-34,Returning,68
35-44,New,550
25-34,New,943
18-24,New,380
25-34,New,667
25-34,Returning,67
35-44,New,280
35-44,Returning,321
13-17,Returning,447
18-24,Returning,815
25-34,Returning,103
35-44,New,375
25-34,New,114
25-34,Returning,983
45+,Returning,659
35-44,Returning,602
18-24,Returning,18
35-44,New,193
45+,New,555
25-34,New,734
35-44,New,756
25-34,New,885
18-24,New,742
13-17,New,542
25-34,New,605
35-44,Returning,71
35-44,New,351
25-34,New,703
45+,New,316
35-44,New,566
13-17,New,128
45+,New,897
25-34,New,23
45+,New,382
45+,New,813
25-34,Returning,122
13-17,New,782
18-24,Returning,847
35-44,Returning,553
25-34,New,635
25-34,New,261
18-24,Returning,553
35-44,New,393
13-17,Returning,602
25-34,Returning,446
45+,New,655
25-34,Returning,640
35-44,New,865
25-34,New,601
45+,New,810
35-44,Returning,502
18-24,New,53
13-17,New,457
18-24,New,804
18-24,New,204
35-44,New,680
18-24,New,313
13-17,Returning,886
18-24,New,298
18-24,Returning,702
45+,Returning,228
18-24,New,153
35-44,New,385
35-44,New,494
25-34,New,823
18-24,New,773
25-34,New,892
18-24,Returning,197
25-34,New,330
35-44,New,590
18-24,New,424
18-24,New,714
45+,New,992
35-44,Returning,848
25-34,New,369
18-24,Returning,25
18-24,Returning,362
13-17,Returning,432
45+,New,70
45+,Returning,386
13-17,New,722
35-44,New,714
25-34,New,637
25-34,Returning,749
45+,Returning,397
35-44,Returning,360
45+,Returning,276
45+,New,95
35-44,New,691
25-34,New,84
18-24,New,11
35-44,Returning,434
35-44,Returning,680
25-34,Returning,105
25-34,New,352
18-24,New,55
25-34,Returning,531
35-44,Returning,276
35-44,New,788
25-34,New,130
25-34,Returning,67
13-17,Returning,120
35-44,New,443
35-44,Returning,191
45+,Returning,6
35-44,New,887
35-44,New,178
18-24,Returning,201
25-34,Returning,628
25-34,Returning,97
35-44,New,136
18-24,New,730
25-34,Returning,894
35-44,Returning,322
35-44,New,16
18-24,Returning,323
25-34,Returning,433
13-17,Returning,93
18-24,Returning,832
45+,New,603
25-34,New,464
13-17,Returning,883
45+,Returning,666
13-17,Returning,368
35-44,Returning,581
18-24,Returning,662
18-24,New,510
35-44,New,832
18-24,New,713
13-17,New,587
18-24,New,318
25-34,New,791
35-44,Returning,3
35-44,New,878
25-34,New,11
35-44,New,332
35-44,Returning,460
25-34,New,822
25-34,Returning,91
35-44,Returning,531
25-34,Returning,164
45+,Returning,486
18-24,Returning,416
35-44,Returning,754
18-24,New,119
13-17,Returning,87
35-44,Returning,692
13-17,Returning,69
45+,Returning,546
13-17,New,343
25-34,Returning,416
45+,Returning,258
35-44,New,291
18-24,New,940
35-44,Returning,686
25-34,New,869
25-34,New,921
18-24,Returning,56
35-44,Returning,570
18-24,New,469
35-44,Returning,900
18-24,New,55
35-44,New,651
13-17,Returning,524
45+,New,293
18-24,Returning,360
13-17,Returning,66
35-44,New,321
13-17,New,553
35-44,Returning,512
13-17,Returning,785
25-34,New,400
45+,New,1
18-24,New,747
18-24,Returning,224
25-34,Returning,716
18-24,New,848
18-24,Returning,476
18-24,Returning,52
25-34,New,589
25-34,Returning,356
45+,Returning,67
35-44,New,562
18-24,New,844
45+,New,746
13-17,Returning,924
35-44,Returning,446
45+,Returning,112
25-34,New,606
35-44,Returning,782
45+,Returning,727
35-44,New,383
45+,Returning,552
18-24,New,657
35-44,Returning,510
25-34,Returning,903
25-34,Returning,716
25-34,Returning,857
35-44,New,920
45+,Returning,811
25-34,New,108
45+,New,918
18-24,New,440
35-44,Returning,196
18-24,Returning,245
25-34,Returning,139
45+,New,76
35-44,Returning,401
25-34,Returning,837
25-34,New,50
18-24,New,946
45+,New,329
13-17,New,295
35-44,New,291
35-44,New,979
45+,Returning,774
25-34,New,835
25-34,New,882
45+,New,747
13-17,New,34
25-34,New,853
45+,Returning,448
18-24,Returning,312
13-17,New,390
35-44,Returning,705
35-44,Returning,872
18-24,New,378
25-34,New,221
13-17,New,325
13-17,New,737
25-34,Returning,871
35-44,Returning,532
35-44,New,48
35-44,New,327
35-44,New,250
25-34,Returning,551
35-44,Returning,577
45+,New,924
45+,Returning,356
25-34,Returning,416
25-34,Returning,115
13-17,Returning,666
25-34,New,461
13-17,Returning,937
13-17,Returning,219
18-24,Returning,87
25-34,New,689
13-17,New,878
35-44,New,623
25-34,New,977
25-34,New,510
35-44,Returning,219
25-34,Returning,91
35-44,Returning,915
25-34,Returning,89
25-34,Returning,954
18-24,New,111
13-17,New,235
13-17,New,33
45+,New,159
18-24,New,403
25-34,New,314
25-34,New,466
35-44,New,541
35-44,Returning,443
25-34,Returning,997
45+,New,663
25-34,New,314
25-34,New,225
13-17,New,351
13-17,New,57
25-34,Returning,39
25-34,Returning,142
35-44,New,528
35-44,Returning,684
13-17,Returning,752
13-17,New,66
45+,Returning,469
35-44,Returning,456
25-34,New,802
18-24,New,615
25-34,New,583
18-24,New,879
25-34,New,651
18-24,Returning,615
45+,New,366
18-24,Returning,211
35-44,Returning,198
45+,Returning,798
25-34,Returning,430
13-17,Returning,490
35-44,Returning,443
45+,New,781
45+,Returning,451
25-34,New,22
45+,New,129
35-44,Returning,613
35-44,New,766
35-44,New,755
25-34,Returning,511
13-17,New,217
35-44,Returning,426
18-24,Returning,384
45+,Returning,256
18-24,New,451
18-24,Returning,658
45+,Returning,241
13-17,Returning,220
45+,New,279
35-44,New,374
35-44,New,462
35-44,Returning,885
35-44,New,606
13-17,Returning,915
25-34,Returning,527
35-44,Returning,391
35-44,Returning,196
45+,New,622
35-44,Returning,497
25-34,Returning,386
45+,Returning,328
13-17,New,829
45+,Returning,515
45+,Returning,388
25-34,New,190
45+,New,642
35-44,New,152
35-44,New,813
35-44,New,404
25-34,New,894
25-34,Returning,561
13-17,Returning,142
35-44,Returning,622
13-17,Returning,792
45+,New,404
25-34,New,399
25-34,Returning,321
18-24,New,203
25-34,New,876
35-44,New,223
45+,Returning,257
18-24,New,357
18-24,Returning,152
25-34,New,482
35-44,Returning,223
18-24,New,294
35-44,Returning,512
18-24,Returning,265
35-44,New,992
25-34,Returning,589
13-17,New,718
45+,New,433
45+,New,713
35-44,New,164
25-34,New,814
35-44,New,54
25-34,Returning,54
25-34,New,825
25-34,Returning,693
18-24,Returning,287
18-24,Returning,721
18-24,Returning,30
25-34,New,203
13-17,New,858
25-34,Returning,765
45+,Returning,318
18-24,Returning,135
18-24,Returning,957
13-17,Returning,820
35-44,New,512
13-17,New,925
35-44,Returning,56
18-24,New,929
35-44,New,403
35-44,New,996
13-17,New,807
18-24,New,269
25-34,Returning,540
45+,Returning,151
35-44,New,34
35-44,Returning,263
45+,Returning,77
13-17,Returning,969
25-34,Returning,926
18-24,Returning,470
35-44,Returning,409
25-34,Returning,755
18-24,New,592
45+,New,388
25-34,New,186
35-44,New,899
45+,New,862
25-34,Returning,119
18-24,New,37
13-17,New,127
25-34,New,467
35-44,Returning,980
18-24,Returning,770
13-17,Returning,613
35-44,Returning,433
45+,Returning,29
35-44,Returning,248
18-24,New,348
25-34,New,736
25-34,New,929
25-34,Returning,402
25-34,Returning,988
18-24,Returning,430
45+,Returning,864
45+,Returning,890
25-34,New,714
35-44,New,151
18-24,Returning,936
45+,Returning,190
18-24,Returning,784
18-24,Returning,830
35-44,Returning,750
45+,New,736
35-44,Returning,361
25-34,Returning,61
18-24,Returning,39
35-44,New,105
35-44,Returning,91
25-34,Returning,776
45+,Returning,547
18-24,Returning,141
45+,New,277
18-24,New,60
13-17,Returning,862
35-44,New,531
25-34,Returning,672
35-44,Returning,297
18-24,Returning,683
18-24,Returning,429
35-44,Returning,100
13-17,New,32
45+,Returning,996
25-34,New,3
18-24,New,255
45+,Returning,674
25-34,Returning,127
25-34,New,867
13-17,Returning,798
45+,New,741
13-17,New,710
13-17,Returning,482
18-24,Returning,262
45+,New,609
18-24,New,747
25-34,New,474
25-34,New,544
25-34,Returning,557
35-44,Returning,477
18-24,New,634
25-34,New,676
45+,New,620
18-24,Returning,193
13-17,New,353
25-34,New,682
25-34,New,179
25-34,Returning,528
35-44,Returning,779
25-34,New,322
35-44,Returning,829
25-34,New,845
45+,New,266
13-17,Returning,261
13-17,New,241
25-34,New,530
25-34,New,934
25-34,New,226
25-34,New,286
25-34,Returning,861
13-17,New,163
35-44,Returning,803
25-34,New,390
18-24,Returning,893
18-24,New,306
25-34,New,624
45+,New,971
45+,Returning,631
18-24,New,705
13-17,Returning,188
35-44,Returning,555
35-44,Returning,386
35-44,New,578
25-34,Returning,21
35-44,New,515
25-34,Returning,200
25-34,New,313
35-44,New,726
13-17,Returning,405
35-44,Returning,479
13-17,Returning,597
25-34,Returning,739
25-34,New,134
25-34,New,937
25-34,Returning,186
35-44,Returning,367
18-24,New,129
13-17,Returning,738
25-34,New,797
13-17,New,374
25-34,New,441
18-24,Returning,294
45+,New,138
25-34,New,910
35-44,New,453
25-34,Returning,369
18-24,Returning,815
45+,Returning,876
18-24,Returning,36
25-34,New,908
18-24,New,986
25-34,New,963
18-24,Returning,147
35-44,New,356
13-17,Returning,447
25-34,New,327
18-24,New,226
25-34,Returning,124
25-34,Returning,281
18-24,New,636
13-17,New,460
35-44,New,338
25-34,Returning,267
35-44,Returning,765
35-44,New,172
18-24,New,17
35-44,Returning,275
25-34,New,750
25-34,New,96
35-44,New,498
45+,Returning,274
18-24,New,771
18-24,Returning,869
35-44,New,576
45+,Returning,855
25-34,New,387
13-17,Returning,373
35-44,Returning,86
25-34,Returning,300
45+,Returning,70
25-34,New,851
25-34,New,233
45+,Returning,125
18-24,New,561
45+,Returning,489
18-24,Returning,109
18-24,Returning,982
18-24,Returning,677
25-34,Returning,340
35-44,New,654
25-34,Returning,157
25-34,New,758
25-34,Returning,540
35-44,Returning,280
18-24,Returning,244
18-24,New,303
25-34,New,692
35-44,New,857
13-17,New,301
35-44,New,624
35-44,Returning,856
25-34,New,184
18-24,Returning,24
35-44,Returning,209
45+,Returning,849
45+,Returning,937
25-34,New,352
18-24,New,661
25-34,New,339
13-17,Returning,6
45+,New,342
45+,Returning,137
13-17,New,42
25-34,Returning,868
25-34,New,736
25-34,New,39
35-44,Returning,124
25-34,Returning,308
13-17,Returning,10
13-17,Returning,959
13-17,Returning,784
35-44,Returning,153
18-24,Returning,940
25-34,New,547
25-34,Returning,840
35-44,Returning,543
45+,Returning,853
35-44,New,866
25-34,New,304
13-17,Returning,277
35-44,Returning,719
45+,New,810
25-34,New,608
25-34,Returning,294
35-44,Returning,926
25-34,New,789
18-24,New,765
25-34,New,583
35-44,Returning,665
35-44,Returning,467
25-34,Returning,46
35-44,New,641
45+,Returning,378
45+,Returning,161
35-44,New,117
25-34,New,551
25-34,New,851
35-44,New,951
25-34,Returning,784
18-24,New,886
18-24,Returning,727
25-34,New,523
35-44,New,460
35-44,New,551
25-34,Returning,869
25-34,New,425
25-34,New,138
35-44,New,626
35-44,Returning,787
35-44,Returning,559
18-24,New,42
25-34,New,505
25-34,Returning,431
35-44,New,860
35-44,New,200
35-44,Returning,457
35-44,Returning,130
18-24,New,861
25-34,Returning,422
25-34,Returning,175
13-17,Returning,489
25-34,New,162
35-44,New,620
13-17,New,782
35-44,New,133
45+,Returning,747
25-34,Returning,323
25-34,New,539
25-34,New,67
13-17,New,508
18-24,Returning,917
25-34,New,871
35-44,New,339
25-34,Returning,757
35-44,New,279
13-17,Returning,481
25-34,New,322
25-34,Returning,498
45+,Returning,10
18-24,New,82
35-44,Returning,102
35-44,Returning,85
13-17,New,600
13-17,New,575
13-17,New,197
18-24,Returning,511
35-44,New,853
45+,New,895
25-34,Returning,579
25-34,Returning,293
45+,Returning,596
18-24,Returning,216
25-34,Returning,96
18-24,Returning,362
35-44,New,183
25-34,New,390
35-44,New,696
35-44,Returning,614
18-24,Returning,898
35-44,New,214
25-34,Returning,925
35-44,New,164
35-44,New,959
18-24,Returning,359
35-44,Returning,627
13-17,New,493
13-17,Returning,300
25-34,New,373
35-44,Returning,174
25-34,New,521
18-24,New,320
45+,New,869
45+,Returning,301
45+,New,581
18-24,Returning,788
35-44,New,563
25-34,Returning,685
35-44,New,625
25-34,Returning,181
35-44,Returning,418
18-24,New,502
25-34,Returning,144
35-44,Returning,634
35-44,New,793
25-34,Returning,439
35-44,Returning,166
35-44,New,722
35-44,Returning,55
35-44,Returning,104
25-34,New,394
45+,Returning,3
35-44,Returning,337
35-44,Returning,340
35-44,New,542
35-44,New,486
35-44,New,104
25-34,New,782
35-44,Returning,70
35-44,New,584
45+,New,842
35-44,New,850
13-17,Returning,717
45+,New,610
45+,Returning,12
35-44,Returning,109
45+,New,701
18-24,Returning,814
35-44,New,930
18-24,New,992
25-34,Returning,315
45+,Returning,368
35-44,Returning,263
45+,New,706
45+,Returning,82
18-24,Returning,914
13-17,New,355
35-44,New,302
13-17,Returning,133
18-24,New,329
35-44,Returning,697
35-44,Returning,653
25-34,Returning,234
25-34,New,473
45+,Returning,968
35-44,Returning,568
25-34,New,751
18-24,New,556
35-44,Returning,885
35-44,Returning,21
13-17,Returning,89
13-17,New,888
35-44,New,853
25-34,Returning,125
35-44,Returning,229
25-34,New,813
18-24,New,256
45+,New,633
18-24,New,679
35-44,New,676
45+,New,974
18-24,New,817
25-34,New,951
45+,New,402
18-24,New,903
35-44,New,221
35-44,New,63
13-17,New,127
45+,New,298
35-44,New,711
25-34,New,891
45+,New,400
18-24,Returning,570
18-24,Returning,97
25-34,New,253
35-44,Returning,811
13-17,New,435
13-17,New,723
25-34,New,186
18-24,Returning,845
35-44,Returning,207
25-34,Returning,281
18-24,New,208
25-34,Returning,326
35-44,Returning,827
35-44,New,281
35-44,New,545
25-34,New,905
18-24,Returning,116
35-44,New,282
25-34,New,439
18-24,Returning,555
25-34,Returning,333
35-44,Returning,463
13-17,New,732
25-34,Returning,431
13-17,Returning,38
18-24,New,77
25-34,New,283
25-34,New,267
35-44,New,596
35-44,Returning,981
45+,New,374
13-17,New,955
45+,New,602
25-34,New,24
18-24,New,268
13-17,Returning,600
13-17,Returning,545
35-44,Returning,768
25-34,Returning,819
13-17,New,624
35-44,Returning,847
18-24,Returning,361
13-17,New,634
35-44,Returning,286
25-34,New,986
35-44,Returning,692
45+,New,665
13-17,New,370
25-34,Returning,668
13-17,Returning,471
18-24,Returning,875
18-24,Returning,966
45+,Returning,428
18-24,New,142
25-34,Returning,785
45+,Returning,774
35-44,Returning,205
18-24,Returning,560
35-44,Returning,283
13-17,Returning,275
35-44,Returning,262
13-17,Returning,361
25-34,New,882
35-44,New,324
35-44,Returning,622
18-24,New,965
25-34,New,975
25-34,Returning,526
45+,Returning,735
25-34,Returning,852
25-34,New,836
18-24,New,407
18-24,Returning,489
18-24,Returning,436
25-34,Returning,523
25-34,Returning,405
13-17,New,69
18-24,New,835
45+,Returning,885
35-44,New,153
25-34,New,612
45+,New,420
25-34,Returning,868
18-24,Returning,930
25-34,New,161
13-17,New,259
18-24,Returning,106
18-24,Returning,810
25-34,Returning,256
35-44,Returning,6
35-44,New,207
45+,Returning,30
25-34,New,454
45+,New,282
35-44,Returning,744
13-17,Returning,159
45+,Returning,461
45+,New,608
13-17,New,419
13-17,New,150
25-34,New,299
18-24,New,857
25-34,New,539
25-34,New,559
25-34,Returning,276
25-34,Returning,488
25-34,Returning,602
25-34,New,580
35-44,Returning,662
13-17,New,544
35-44,New,667
18-24,Returning,865
25-34,Returning,373
35-44,New,153
35-44,Returning,49
13-17,New,452
35-44,Returning,737
25-34,New,296
13-17,Returning,327
18-24,New,541
35-44,Returning,308
25-34,New,71
25-34,New,260
13-17,New,928
45+,New,446
35-44,Returning,20
45+,Returning,503
25-34,New,206
25-34,New,848
35-44,New,106
25-34,Returning,198
35-44,New,94
13-17,New,280
25-34,New,178
25-34,Returning,992
45+,New,74
35-44,Returning,131
45+,New,613
25-34,New,27
13-17,New,711
18-24,Returning,249
18-24,Returning,328
13-17,Returning,405
25-34,New,903
25-34,New,165
35-44,Returning,388
18-24,New,65
45+,Returning,256
18-24,Returning,380
45+,Returning,556
18-24,Returning,106
13-17,New,874
18-24,New,483
25-34,New,617
25-34,Returning,212
13-17,New,677
35-44,New,469
25-34,New,737
45+,New,211
25-34,Returning,585
45+,Returning,65
45+,New,705
35-44,New,32
45+,New,378
18-24,New,239
45+,New,132
18-24,Returning,344
18-24,New,437
35-44,Returning,592
18-24,Returning,230
25-34,New,928
35-44,Returning,574
25-34,New,237
35-44,New,375
25-34,New,756
35-44,New,597
13-17,Returning,463
25-34,New,407
13-17,New,745
35-44,Returning,312
45+,New,712
35-44,New,770
25-34,Returning,271
13-17,New,402
13-17,New,121
25-34,New,837
35-44,New,80
13-17,Returning,567
18-24,New,573
13-17,New,630
18-24,Returning,388
25-34,New,175
45+,Returning,867
25-34,Returning,478
18-24,Returning,216
13-17,Returning,687
35-44,New,811
35-44,Returning,249
25-34,Returning,297
25-34,New,308
18-24,New,914
45+,Returning,242
13-17,Returning,596
18-24,Returning,324
35-44,New,743
25-34,Returning,370
25-34,New,177
35-44,Returning,436
25-34,Returning,23
45+,Returning,423
35-44,New,46
18-24,New,43
35-44,New,251
18-24,Returning,453
25-34,New,252
18-24,New,192
35-44,New,772
45+,New,914
25-34,New,975
25-34,Returning,585
25-34,New,558
25-34,Returning,181
35-44,New,657
13-17,Returning,698
35-44,Returning,867
25-34,Returning,483
35-44,Returning,755
35-44,Returning,773
35-44,Returning,35
25-34,New,528
35-44,New,737
13-17,New,836
18-24,New,423
25-34,New,977
45+,New,369
45+,Returning,996
18-24,New,357
35-44,New,538
25-34,New,869
18-24,Returning,766
18-24,Returning,60
18-24,Returning,695
18-24,Returning,217
25-34,Returning,957
35-44,Returning,462
45+,Returning,83
35-44,New,333
18-24,Returning,479
35-44,Returning,540
35-44,Returning,876
45+,Returning,494
18-24,Returning,351
35-44,New,284
25-34,Returning,348
18-24,New,673
45+,New,784
18-24,Returning,131
35-44,New,278
45+,New,528
25-34,New,365
18-24,Returning,999
18-24,New,408
25-34,Returning,642
25-34,Returning,104
25-34,New,986
35-44,Returning,1000
25-34,Returning,229
35-44,New,302
45+,New,8
25-34,New,483
25-34,New,53
13-17,New,92
35-44,New,17
13-17,Returning,654
13-17,Returning,99
18-24,Returning,809
13-17,New,97
18-24,New,874
35-44,Returning,908
18-24,New,420
18-24,Returning,172
13-17,Returning,495
13-17,New,401
13-17,Returning,637
18-24,Returning,175
25-34,New,788
18-24,Returning,884
45+,New,481
25-34,Returning,912
25-34,New,293
35-44,New,242
25-34,New,838
25-34,New,594
18-24,Returning,248
18-24,New,146
35-44,New,885
25-34,New,525
25-34,New,860
35-44,Returning,255
25-34,New,542
35-44,Returning,422
45+,Returning,332
45+,Returning,991
35-44,Returning,605
45+,New,221
13-17,Returning,369
35-44,Returning,377
18-24,Returning,406
25-34,New,338
25-34,Returning,702
25-34,Returning,267
25-34,New,367
25-34,New,8
18-24,Returning,741
13-17,New,444
35-44,New,176
45+,New,74
13-17,Returning,567
35-44,Returning,809
35-44,Returning,794
25-34,New,536
25-34,Returning,804
35-44,New,647
13-17,Returning,563
35-44,New,597
18-24,Returning,752
45+,New,549
45+,New,900
25-34,New,627
13-17,Returning,415
45+,New,941
35-44,New,609
35-44,New,595
35-44,New,985
45+,New,998
35-44,Returning,424
13-17,Returning,442
25-34,New,716
18-24,Returning,926
25-34,New,634
13-17,Returning,476
25-34,Returning,186
13-17,New,558
45+,Returning,734
18-24,Returning,798
45+,New,426
25-34,New,513
35-44,New,103
13-17,Returning,439
25-34,Returning,735
45+,Returning,880
35-44,New,222
13-17,New,454
45+,New,453
18-24,New,231
13-17,New,547
25-34,New,188
35-44,Returning,468
35-44,New,353
18-24,Returning,397
18-24,New,258
25-34,Returning,378
35-44,New,227
25-34,Returning,970
35-44,New,999
18-24,Returning,286
35-44,Returning,219
35-44,New,574
18-24,Returning,847
35-44,Returning,353
35-44,Returning,628
35-44,Returning,325
25-34,New,405
13-17,Returning,53
25-34,Returning,162
35-44,New,617
25-34,New,684
18-24,New,670
18-24,Returning,452
25-34,New,496
35-44,Returning,566
25-34,New,17
45+,Returning,103
18-24,New,761
18-24,Returning,276
35-44,Returning,558
35-44,Returning,567
35-44,Returning,75
35-44,New,970
35-44,Returning,478
25-34,Returning,312
25-34,Returning,589
25-34,New,350
45+,Returning,200
35-44,Returning,281
35-44,New,688
45+,New,647
25-34,Returning,290
35-44,New,875
25-34,New,14
25-34,New,791
18-24,New,919
35-44,Returning,381
18-24,Returning,637
25-34,New,502
18-24,Returning,241
35-44,Returning,759
13-17,Returning,49
35-44,Returning,514
18-24,Returning,454
35-44,New,972
45+,New,757
35-44,Returning,432
45+,New,782
25-34,Returning,464
25-34,New,925
45+,Returning,434
25-34,New,801
35-44,Returning,352
35-44,Returning,227
35-44,Returning,104
18-24,Returning,775
45+,Returning,206
25-34,New,202
18-24,New,37
35-44,New,452
13-17,New,629
18-24,New,203
18-24,New,716
25-34,Returning,454
35-44,Returning,342
35-44,New,350
35-44,Returning,160
13-17,New,263
35-44,Returning,733
13-17,Returning,132
18-24,New,878
45+,Returning,958
18-24,Returning,505
18-24,New,401
25-34,Returning,36
18-24,New,544
18-24,New,237
35-44,Returning,534
18-24,New,614
45+,New,685
45+,New,394
25-34,New,945
18-24,New,647
13-17,New,725
18-24,New,946
35-44,New,654
25-34,New,139
13-17,Returning,599
18-24,Returning,517
13-17,Returning,706
25-34,New,400
18-24,Returning,800
25-34,New,662
25-34,New,191
25-34,New,199
25-34,Returning,886
45+,New,255
18-24,New,207
25-34,New,896
35-44,Returning,612
35-44,Returning,38
45+,New,552
25-34,Returning,712
13-17,Returning,864
18-24,New,587
18-24,New,14
13-17,Returning,627
35-44,Returning,133
13-17,Returning,763
25-34,New,436
25-34,Returning,919
25-34,Returning,681
18-24,New,700
25-34,New,450
35-44,New,843
18-24,New,393
35-44,Returning,866
25-34,Returning,472
25-34,Returning,871
25-34,Returning,426
25-34,Returning,720
45+,New,594
25-34,New,908
13-17,New,849
35-44,Returning,609
13-17,New,709
25-34,Returning,225
35-44,New,512
45+,Returning,786
25-34,New,265
35-44,New,487
18-24,New,624
25-34,New,755
13-17,Returning,948
25-34,New,258
25-34,New,511
13-17,Returning,168
25-34,Returning,655
13-17,Returning,510
25-34,Returning,341
25-34,New,660
35-44,New,343
35-44,New,629
18-24,Returning,356
35-44,Returning,977
25-34,Returning,582
25-34,Returning,645
35-44,New,179
45+,New,763
25-34,Returning,947
25-34,Returning,916
35-44,Returning,899
35-44,New,310
35-44,New,255
35-44,Returning,539
13-17,Returning,552
18-24,New,290
18-24,New,590
25-34,Returning,714
35-44,New,572
18-24,New,735
35-44,Returning,577
45+,New,400
45+,Returning,869
35-44,Returning,326
13-17,New,771
13-17,New,189
25-34,New,502
45+,New,351
25-34,New,305
13-17,New,409
45+,Returning,382
25-34,New,358
35-44,Returning,864
35-44,Returning,353
25-34,Returning,269
45+,New,851
13-17,Returning,646
18-24,Returning,403
35-44,Returning,551
35-44,Returning,3
25-34,New,324
45+,Returning,173
25-34,New,955
18-24,Returning,665
25-34,New,77
13-17,New,870
18-24,Returning,890
45+,New,174
45+,New,776
18-24,New,808
35-44,New,826
25-34,New,254
35-44,New,991
35-44,Returning,987
25-34,Returning,802
25-34,New,983
18-24,New,459
35-44,New,405
35-44,Returning,935
35-44,New,187
25-34,New,889
25-34,New,968
25-34,Returning,506
13-17,Returning,513
35-44,Returning,204
25-34,New,585
18-24,New,50
45+,Returning,54
18-24,New,34
18-24,New,241
35-44,New,452
35-44,Returning,775
13-17,Returning,466
18-24,New,605
25-34,New,567
25-34,New,555
25-34,Returning,793
25-34,New,983
18-24,New,302
35-44,Returning,439
35-44,Returning,972
18-24,New,274
13-17,New,286
25-34,New,88
35-44,Returning,253
13-17,New,920
25-34,Returning,92
25-34,Returning,284
18-24,Returning,804
18-24,New,829
18-24,Returning,370
18-24,New,705
25-34,New,648
35-44,New,870
35-44,Returning,674
25-34,Returning,967
18-24,Returning,779
25-34,Returning,126
25-34,Returning,834
35-44,New,269
25-34,New,585
18-24,New,457
45+,New,724
25-34,Returning,755
35-44,Returning,772
45+,New,580
35-44,New,206
25-34,Returning,196
18-24,New,598
45+,Returning,839
45+,Returning,933
18-24,Returning,705
45+,Returning,264
45+,Returning,32
45+,New,302
13-17,Returning,654
13-17,New,561
18-24,Returning,264
25-34,Returning,925
18-24,New,426
13-17,New,798
18-24,New,11
35-44,New,787
45+,New,173
45+,New,792
35-44,New,554
18-24,Returning,506
18-24,Returning,202
18-24,New,632
25-34,New,88
35-44,Returning,379
45+,New,862
25-34,New,547
25-34,New,184
25-34,New,816
25-34,Returning,372
18-24,Returning,32
25-34,New,987
45+,Returning,814
35-44,New,112
35-44,Returning,663
13-17,Returning,984
13-17,New,576
13-17,New,353
25-34,New,518
25-34,Returning,136
25-34,New,928
25-34,Returning,914
45+,Returning,571
35-44,New,770
25-34,Returning,600
25-34,Returning,857
18-24,New,338
35-44,Returning,184
18-24,Returning,515
25-34,New,110
18-24,Returning,490
18-24,New,732
25-34,New,165
25-34,New,651
18-24,New,659
18-24,Returning,532
45+,Returning,698
25-34,Returning,475
25-34,New,362
45+,New,221
18-24,New,418
25-34,Returning,564
25-34,Returning,632
13-17,New,837
45+,Returning,579
13-17,New,201
25-34,New,671
35-44,New,746
25-34,New,134
45+,Returning,713
18-24,Returning,745
13-17,Returning,713
18-24,New,692
18-24,Returning,60
18-24,Returning,963
25-34,Returning,266
13-17,Returning,733
35-44,Returning,968
25-34,Returning,807
13-17,New,187
45+,New,710
45+,Returning,704
35-44,New,809
45+,New,139
25-34,New,892
13-17,New,12
35-44,New,867
35-44,Returning,864
35-44,Returning,41
25-34,New,94
13-17,New,479
13-17,New,887
13-17,Returning,711
35-44,New,989
35-44,New,6
35-44,New,551
35-44,New,147
18-24,Returning,604
18-24,Returning,415
13-17,New,799
18-24,New,565
25-34,Returning,951
25-34,New,761
18-24,New,591
35-44,Returning,762
45+,Returning,418
35-44,Returning,146
35-44,Returning,611
45+,New,124
18-24,New,783
25-34,Returning,511
35-44,Returning,475
13-17,Returning,669
18-24,New,637
35-44,New,534
45+,New,731
18-24,Returning,339
35-44,New,118
45+,New,106
45+,Returning,919
25-34,Returning,89
18-24,New,925
35-44,Returning,760
25-34,Returning,807
35-44,New,357
45+,New,831
45+,Returning,972
18-24,New,406
18-24,Returning,874
18-24,New,12
25-34,Returning,264
25-34,New,205
35-44,New,14
25-34,Returning,399
25-34,Returning,855
25-34,New,986
13-17,New,465
18-24,Returning,523
18-24,New,765
35-44,New,790
45+,New,929
25-34,Returning,945
25-34,Returning,563
25-34,Returning,703
35-44,Returning,471
18-24,Returning,975
25-34,Returning,76
45+,New,808
18-24,New,275
35-44,Returning,82
25-34,Returning,840
45+,Returning,148
35-44,Returning,655
13-17,New,568
45+,New,787
18-24,Returning,345
35-44,Returning,303
35-44,Returning,933
45+,New,825
25-34,New,708
35-44,Returning,722
18-24,Returning,647
25-34,New,346
35-44,New,230
18-24,New,980
18-24,New,743
18-24,New,866
45+,Returning,14
35-44,New,259
25-34,Returning,661
25-34,New,303
13-17,Returning,250
35-44,New,330
35-44,Returning,264
18-24,Returning,46
25-34,New,569
25-34,Returning,675
45+,Returning,780
13-17,Returning,282
18-24,Returning,785
25-34,Returning,695
13-17,Returning,538
18-24,Returning,833
13-17,Returning,181
25-34,New,176
18-24,Returning,514
18-24,New,986
25-34,Returning,905
25-34,New,228
25-34,New,946
18-24,New,675
35-44,Returning,158
18-24,New,170
18-24,New,909
13-17,Returning,877
35-44,New,714
25-34,Returning,853
25-34,New,172
18-24,Returning,20
25-34,Returning,633
18-24,New,728
35-44,Returning,311
25-34,New,150
25-34,Returning,982
13-17,Returning,427
25-34,New,416
25-34,Returning,292
18-24,New,659
18-24,Returning,624
35-44,Returning,122
45+,Returning,360
18-24,New,632
35-44,New,259
13-17,New,307
45+,New,789
18-24,New,142
35-44,New,207
25-34,New,993
45+,Returning,297
35-44,New,335
13-17,Returning,164
18-24,New,894
45+,Returning,907
25-34,New,487
45+,New,177
35-44,New,387
35-44,New,863
18-24,New,604
25-34,New,861
18-24,New,760
18-24,New,568
18-24,Returning,788
35-44,Returning,675
35-44,Returning,255
45+,Returning,322
13-17,Returning,614
25-34,Returning,429
25-34,New,600
45+,Returning,775
35-44,Returning,586
35-44,New,896
13-17,New,233
25-34,Returning,371
25-34,Returning,651
35-44,New,41
45+,Returning,640
18-24,Returning,662
25-34,Returning,721
25-34,Returning,304
25-34,Returning,85
35-44,New,806
25-34,Returning,345
13-17,New,661
25-34,Returning,104
25-34,New,385
25-34,New,705
13-17,New,132
25-34,New,12
25-34,Returning,720
13-17,New,380
25-34,Returning,785
35-44,Returning,810
45+,Returning,234
35-44,Returning,965
25-34,New,275
25-34,Returning,666
13-17,New,805
45+,Returning,149
18-24,New,659
18-24,Returning,533
25-34,Returning,639
35-44,New,648
13-17,New,994
18-24,New,794
35-44,Returning,359
25-34,Returning,610
13-17,New,251
45+,Returning,173
18-24,Returning,659
35-44,Returning,113
45+,New,254
18-24,New,391
13-17,New,55
35-44,New,944
25-34,New,894
35-44,New,28
18-24,New,556
25-34,New,200
35-44,Returning,314
18-24,Returning,896
35-44,New,589
35-44,New,316
45+,Returning,253
13-17,New,651
45+,New,889
35-44,Returning,392
18-24,New,496
35-44,New,124
45+,New,273
25-34,Returning,528
25-34,New,149
35-44,New,501
35-44,Returning,202
35-44,Returning,700
45+,New,83
25-34,New,668
18-24,Returning,652
25-34,Returning,430
45+,Returning,364
45+,New,830
35-44,Returning,810
25-34,New,901
45+,New,860
45+,Returning,234
35-44,New,788
25-34,Returning,646
35-44,New,344
25-34,New,989
45+,New,952
18-24,New,225
18-24,New,785
25-34,New,39
25-34,New,388
35-44,Returning,764
25-34,Returning,135
13-17,Returning,309
35-44,New,311
18-24,New,118
25-34,Returning,526
18-24,New,214
13-17,Returning,889
35-44,Returning,137
25-34,New,700
35-44,Returning,998
35-44,Returning,705
25-34,Returning,972
25-34,Returning,625
13-17,Returning,937
13-17,Returning,610
35-44,New,304
18-24,New,320
35-44,New,142
13-17,Returning,906
35-44,Returning,281
25-34,New,38
13-17,Returning,197
13-17,New,412
35-44,New,364
45+,New,890
45+,Returning,542
13-17,Returning,184
13-17,Returning,690
13-17,New,22
25-34,Returning,296
13-17,New,673
25-34,Returning,434
35-44,Returning,115
35-44,New,81
45+,New,178
35-44,Returning,531
13-17,New,961
13-17,Returning,255
25-34,New,699
35-44,Returning,731
25-34,Returning,126
25-34,Returning,913
35-44,Returning,997
18-24,New,893
35-44,New,374
18-24,New,339
45+,New,131
13-17,Returning,499
25-34,New,673
25-34,Returning,430
35-44,Returning,535
18-24,Returning,930
45+,New,513
25-34,Returning,816
35-44,New,119
18-24,New,763
13-17,Returning,1000
18-24,Returning,766
18-24,New,306
25-34,New,681
18-24,New,423
45+,Returning,33
13-17,Returning,317
45+,Returning,551
45+,New,527
35-44,Returning,499
18-24,Returning,851
18-24,Returning,476
18-24,New,625
18-24,Returning,559
35-44,Returning,346
45+,New,963
35-44,New,714
45+,Returning,116
13-17,Returning,956
25-34,Returning,258
25-34,Returning,541
25-34,Returning,551
45+,Returning,864
13-17,New,109
35-44,New,866
45+,New,318
35-44,Returning,184
18-24,Returning,194
18-24,Returning,82
18-24,New,421
18-24,New,553
13-17,New,702
35-44,Returning,359
35-44,New,790
35-44,New,585
13-17,Returning,104
25-34,New,111
18-24,New,646
25-34,Returning,512
25-34,New,351
25-34,Returning,127
18-24,New,791
35-44,Returning,687
25-34,New,678
18-24,Returning,609
35-44,New,190
45+,Returning,459
45+,New,50
35-44,New,811
13-17,New,870
35-44,New,608
45+,Returning,15
25-34,Returning,116
18-24,New,607
45+,New,578
18-24,Returning,598
25-34,New,902
45+,Returning,32
18-24,Returning,141
25-34,Returning,118
25-34,New,45
25-34,Returning,371
45+,New,419
45+,Returning,118
35-44,New,993
18-24,New,123
18-24,Returning,413
35-44,Returning,724
25-34,New,826
25-34,Returning,6
35-44,New,886
13-17,Returning,488
25-34,Returning,370
25-34,Returning,434
45+,New,732
25-34,New,172
45+,New,409
35-44,New,970
25-34,Returning,367
35-44,New,106
25-34,New,147
25-34,New,95
18-24,New,296
45+,Returning,862
13-17,Returning,247
35-44,Returning,86
18-24,Returning,145
13-17,New,624
45+,Returning,907
45+,Returning,112
18-24,Returning,439
18-24,New,114
18-24,Returning,210
13-17,New,886
35-44,New,933
45+,New,569
35-44,Returning,953
13-17,Returning,420
35-44,New,905
13-17,New,295
35-44,New,394
45+,New,127
18-24,New,184
45+,New,634
35-44,New,586
35-44,New,300
25-34,Returning,102
25-34,Returning,998
25-34,Returning,524
13-17,Returning,947
45+,Returning,198
35-44,Returning,668
35-44,New,92
25-34,Returning,356
25-34,Returning,368
13-17,Returning,915
35-44,Returning,762
35-44,New,707
35-44,New,722
45+,Returning,480
25-34,New,173
13-17,New,554
35-44,Returning,612
18-24,Returning,228
13-17,Returning,841
18-24,Returning,546
25-34,Returning,684
35-44,New,30
18-24,New,252
35-44,New,581
18-24,New,229
35-44,New,647
25-34,New,886
35-44,Returning,11
45+,Returning,834
13-17,New,596
25-34,New,388
35-44,Returning,823
35-44,Returning,714
25-34,New,556
18-24,New,870
18-24,New,185
35-44,Returning,683
13-17,New,941
25-34,Returning,146
25-34,Returning,460
25-34,New,736
18-24,New,564
35-44,New,114
13-17,Returning,257
35-44,New,191
45+,Returning,760
25-34,Returning,391
35-44,Returning,945
35-44,Returning,605
13-17,Returning,565
45+,Returning,721
35-44,Returning,981
18-24,New,315
18-24,New,48
35-44,New,239
25-34,Returning,185
35-44,Returning,970
35-44,New,95
35-44,Returning,705
45+,New,561
13-17,Returning,898
13-17,New,320
45+,Returning,610
25-34,New,641
18-24,Returning,85
13-17,Returning,975
13-17,Returning,63
45+,New,271
35-44,Returning,203
45+,Returning,391
35-44,Returning,126
25-34,New,343
45+,New,910
18-24,New,361
35-44,Returning,584
35-44,Returning,101
13-17,New,753
18-24,New,38
25-34,Returning,218
13-17,New,540
35-44,New,513
25-34,Returning,578
13-17,Returning,148
35-44,New,234
18-24,Returning,851
25-34,New,886
25-34,New,173
18-24,Returning,629
35-44,Returning,707
25-34,New,174
45+,New,817
25-34,New,909
25-34,New,52
13-17,Returning,428
13-17,New,32
13-17,Returning,292
35-44,Returning,978
35-44,New,219
13-17,Returning,509
18-24,Returning,840
18-24,Returning,727
35-44,Returning,412
25-34,New,779
45+,New,411
25-34,Returning,850
25-34,New,706
13-17,Returning,710
45+,New,814
35-44,New,897
18-24,Returning,277
45+,Returning,556
25-34,New,968
35-44,Returning,52
35-44,Returning,557
25-34,Returning,180
35-44,New,525
35-44,Returning,112
45+,Returning,480
18-24,New,937
25-34,New,302
35-44,New,743
18-24,New,809
45+,Returning,407
35-44,New,292
13-17,New,5
13-17,Returning,387
18-24,New,815
45+,New,244
35-44,Returning,566
18-24,New,71
13-17,New,611
25-34,New,302
25-34,New,856
18-24,Returning,985
13-17,Returning,347
25-34,Returning,285
18-24,New,409
25-34,New,843
18-24,Returning,918
25-34,New,804
18-24,New,278
25-34,New,958
25-34,Returning,886
25-34,New,515
35-44,Returning,870
45+,New,500
25-34,Returning,999
45+,New,38
35-44,New,171
25-34,New,569
18-24,Returning,479
25-34,New,559
25-34,New,695
35-44,Returning,860
25-34,New,907
35-44,New,629
18-24,New,758
35-44,New,906
25-34,Returning,712
13-17,New,807
35-44,New,404
35-44,Returning,556
25-34,Returning,285
18-24,Returning,786
18-24,Returning,847
18-24,New,938
18-24,Returning,455
18-24,Returning,86
35-44,New,42
35-44,Returning,521
35-44,Returning,770
45+,Returning,248
35-44,Returning,664
35-44,Returning,662
25-34,New,287
25-34,New,207
25-34,Returning,544
13-17,New,298
45+,Returning,647
18-24,Returning,112
45+,Returning,384
18-24,Returning,435
25-34,New,447
25-34,New,56
18-24,New,358
18-24,New,241
18-24,Returning,965
45+,New,942
35-44,New,484
25-34,Returning,819
35-44,New,396
35-44,Returning,739
13-17,New,953
45+,Returning,679
35-44,New,241
45+,Returning,399
18-24,Returning,39
13-17,Returning,303
35-44,Returning,930
35-44,New,632
18-24,Returning,638
35-44,New,888
18-24,New,255
25-34,New,666
45+,New,551
35-44,Returning,331
13-17,Returning,725
25-34,Returning,678
35-44,Returning,824
35-44,Returning,377
45+,Returning,584
25-34,Returning,262
25-34,New,317
18-24,New,694
25-34,Returning,954
25-34,New,467
25-34,Returning,719
25-34,Returning,775
45+,Returning,112
35-44,Returning,911
25-34,New,656
35-44,Returning,723
45+,Returning,856
35-44,New,732
45+,Returning,499
25-34,New,901
35-44,Returning,874
25-34,Returning,266
35-44,New,410
25-34,New,239
35-44,Returning,328
13-17,Returning,739
18-24,Returning,13
25-34,New,965
45+,New,445
25-34,New,631
13-17,New,211
13-17,New,68
13-17,Returning,768
18-24,New,912
25-34,Returning,324
35-44,New,119
45+,Returning,840
35-44,Returning,217
25-34,Returning,257
13-17,New,294
45+,Returning,537
25-34,New,387
25-34,Returning,739
35-44,Returning,157
35-44,Returning,906
25-34,Returning,112
35-44,Returning,48
25-34,New,45
35-44,New,318
25-34,Returning,409
35-44,Returning,842
35-44,New,500
25-34,Returning,353
45+,Returning,934
35-44,New,653
25-34,New,820
35-44,Returning,991
25-34,New,490
45+,New,750
35-44,New,802
18-24,Returning,909
45+,New,380
35-44,Returning,565
25-34,Returning,527
35-44,New,21
35-44,New,384
18-24,New,841
45+,Returning,337
18-24,New,32
35-44,New,857
35-44,New,657
25-34,New,28
18-24,Returning,819
18-24,Returning,72
25-34,New,762
35-44,New,174
45+,New,168
35-44,Returning,269
18-24,Returning,742
35-44,Returning,220
13-17,New,383
13-17,New,896
25-34,Returning,716
45+,Returning,214
45+,Returning,493
25-34,New,840
45+,Returning,434
25-34,Returning,272
18-24,Returning,362
45+,New,212
25-34,New,185
13-17,New,400
25-34,Returning,65
25-34,Returning,799
35-44,New,759
25-34,Returning,374
35-44,New,557
35-44,Returning,207
35-44,Returning,632
25-34,New,781
35-44,Returning,997
25-34,New,49
45+,Returning,881
25-34,New,396
35-44,New,168
45+,Returning,722
35-44,Returning,517
25-34,Returning,813
13-17,Returning,681
25-34,New,929
25-34,Returning,914
35-44,New,918
25-34,Returning,50
35-44,New,683
45+,Returning,944
45+,New,324
18-24,New,82
18-24,New,565
13-17,Returning,330
35-44,Returning,936
25-34,New,725
25-34,New,41
18-24,New,350
25-34,New,492
45+,New,767
45+,New,774
18-24,Returning,20
45+,New,904
13-17,Returning,441
45+,New,716
35-44,New,158
13-17,New,552
25-34,Returning,604
13-17,New,529
13-17,Returning,690
25-34,New,577
13-17,Returning,542
35-44,New,35
18-24,New,909
13-17,New,863
25-34,Returning,8
18-24,Returning,94
25-34,Returning,183
13-17,Returning,758
25-34,Returning,964
35-44,New,882
18-24,New,960
45+,New,61
35-44,New,951
35-44,Returning,200
45+,Returning,753
25-34,New,19
35-44,Returning,810
25-34,Returning,357
25-34,Returning,308
18-24,Returning,732
35-44,New,110
25-34,New,334
35-44,Returning,576
13-17,New,420
45+,New,680
13-17,Returning,158
25-34,New,86
35-44,New,514
18-24,New,221
35-44,New,412
35-44,New,743
25-34,New,271
35-44,Returning,516
18-24,Returning,924
13-17,Returning,544
18-24,New,896
35-44,Returning,975
35-44,New,654
25-34,Returning,905
35-44,New,280
18-24,Returning,134
45+,New,120
18-24,Returning,215
45+,New,180
45+,New,283
25-34,New,893
25-34,Returning,742
35-44,New,389
35-44,Returning,317
25-34,New,978
25-34,New,402
45+,Returning,546
13-17,New,222
25-34,New,671
18-24,New,525
18-24,New,79
25-34,New,422
13-17,New,518
25-34,Returning,605
25-34,New,159
